Item_code,CharacterID,Level,ItemId1,Rate1,min1,Max1,ItemId2,Rate2,min2,Max2,ItemId3,Rate3,min3,Max3,ItemId4,Rate4,min4,Max4,ItemId5,Rate5,min5,Max5
Alpaca000,Alpaca,0,Wool,100.0,2,5,Leather,100.0,1,1,None,0.0,0,0,None,0.0,0,0,None,0.0,0,0
AmaterasuWolf000,AmaterasuWolf,0,FireOrgan,100.0,2,3,Leather,100.0,2,3,None,0.0,0,0,None,0.0,0,0,None,0.0,0,0
Anubis000,Anubis,0,Bone,100.0,3,5,PalUpgradeStone3,100.0,1,1,TechnologyBook_G2,5.0,1,1,None,0.0,0,0,None,0.0,0,0
Baphomet000,Baphomet,0,Horn,100.0,1,1,Leather,100.0,1,1,None,0.0,0,0,None,0.0,0,0,None,0.0,0,0
Baphomet_Dark000,Baphomet_Dark,0,Horn,100.0,1,1,Leather,100.0,1,1,None,0.0,0,0,None,0.0,0,0,None,0.0,0,0
Bastet000,Bastet,0,Money,50.0,100,200,None,0.0,0,0,None,0.0,0,0,None,0.0,0,0,None,0.0,0,0
Bastet_Ice000,Bastet_Ice,0,IceOrgan,100.0,1,2,Sapphire,1.0,1,1,None,0.0,0,0,None,0.0,0,0,None,0.0,0,0
BeardedDragon000,BeardedDragon,0,None,0.0,0,0,None,0.0,0,0,None,0.0,0,0,None,0.0,0,0,None,0.0,0,0
BerryGoat000,BerryGoat,0,Meat_BerryGoat,100.0,2,2,Berries,100.0,2,4,Horn,100.0,1,2,None,0.0,0,0,None,0.0,0,0
Believer_Bat000,Believer_Bat,0,Money,40.0,100,150,TreasureBoxKey01,1.0,1,1,Medicines,5.0,1,1,None,0.0,0,0,ChickenSaute,2.0,1,1
Believer_CrossBow000,Believer_CrossBow,0,Money,40.0,100,150,TreasureBoxKey01,1.0,1,1,Medicines,5.0,1,1,Arrow,100.0,1,2,GrilledSheepHerbs,2.0,1,1
BirdDragon000,BirdDragon,0,Bone,100.0,1,2,Ruby,1.0,1,2,Money,10.0,10,40,None,0.0,0,0,None,0.0,0,0
BirdDragon_Ice000,BirdDragon_Ice,0,Bone,100.0,1,2,IceOrgan,100.0,2,3,Sapphire,2.0,1,1,None,0.0,0,0,None,0.0,0,0
BlackCentaur000,BlackCentaur,0,StealIngot,100.0,10,10,PalUpgradeStone3,100.0,1,1,None,0.0,0,0,None,0.0,0,0,None,0.0,0,0
BlackFurDragon000,BlackFurDragon,0,Bone,100.0,3,5,None,0.0,0,0,None,0.0,0,0,None,0.0,0,0,None,0.0,0,0
BlackGriffon000,BlackGriffon,0,StealIngot,100.0,1,2,CarbonFiber,100.0,2,3,TechnologyBook_G2,10.0,1,1,None,0.0,0,0,None,0.0,0,0
BlueDragon000,BlueDragon,0,Cloth,100.0,1,3,None,0.0,0,0,None,0.0,0,0,None,0.0,0,0,None,0.0,0,0
BlackMetalDragon000,BlackMetalDragon,0,StealIngot,100.0,1,2,Quartz,100.0,3,5,None,0.0,0,0,None,0.0,0,0,None,0.0,0,0
BluePlatypus000,BluePlatypus,0,Leather,100.0,1,1,PalFluid,100.0,1,1,None,0.0,0,0,None,0.0,0,0,None,0.0,0,0
Boar000,Boar,0,Meat_Boar,100.0,1,2,Leather,100.0,1,1,Bone,100.0,1,1,None,0.0,0,0,None,0.0,0,0
CaptainPenguin000,CaptainPenguin,0,IceOrgan,100.0,1,3,PalItem_CaptainPenguin,50.0,1,1,None,0.0,0,0,None,0.0,0,0,None,0.0,0,0
Carbunclo000,Carbunclo,0,BerrySeeds,100.0,1,1,Herbs,20.0,1,1,None,0.0,0,0,None,0.0,0,0,None,0.0,0,0
CatBat000,CatBat,0,Leather,100.0,1,2,PalUpgradeStone,1.0,1,1,None,0.0,0,0,None,0.0,0,0,None,0.0,0,0
CatMage000,CatMage,0,Leather,100.0,1,2,PalItem_CatMage,50.0,1,1,TechnologyBook_G1,1.0,1,1,None,0.0,0,0,None,0.0,0,0
CatVampire000,CatVampire,0,Cloth,100.0,1,2,PalUpgradeStone,3.0,1,1,None,0.0,0,0,None,0.0,0,0,None,0.0,0,0
ChickenPal000,ChickenPal,0,Egg,100.0,1,1,Meat_ChickenPal,100.0,1,1,None,0.0,0,0,None,0.0,0,0,None,0.0,0,0
ColorfulBird000,ColorfulBird,0,Gunpowder2,100.0,1,1,PalItem_ColorfulBird,50.0,1,1,None,0.0,0,0,None,0.0,0,0,None,0.0,0,0
CowPal000,CowPal,0,Meat_CowPal,100.0,2,3,Milk,100.0,1,1,None,0.0,0,0,None,0.0,0,0,None,0.0,0,0
CuteButterfly000,CuteButterfly,0,Honey,100.0,1,1,LettuceSeeds,20.0,1,1,WheatSeeds,20.0,1,1,None,0.0,0,0,None,0.0,0,0
CuteFox000,CuteFox,0,Leather,100.0,1,1,Bone,100.0,1,1,None,0.0,0,0,None,0.0,0,0,None,0.0,0,0
CuteMole000,CuteMole,0,Leather,100.0,1,2,None,0.0,0,0,None,0.0,0,0,None,0.0,0,0,None,0.0,0,0
DarkCrow000,DarkCrow,0,Bone,100.0,2,4,Venom,100.0,2,2,PalUpgradeStone,1.0,1,1,None,0.0,0,0,None,0.0,0,0
DarkScorpion000,DarkScorpion,0,Coal,100.0,10,10,Venom,100.0,5,10,None,0.0,0,0,None,0.0,0,0,None,0.0,0,0
Deer000,Deer,0,Meat_Deer,100.0,2,2,Leather,100.0,2,3,Horn,100.0,2,2,None,0.0,0,0,None,0.0,0,0
Deer_Ground000,Deer_Ground,0,Meat_Deer,100.0,2,2,Leather,100.0,2,3,Horn,100.0,2,2,None,0.0,0,0,None,0.0,0,0
DreamDemon000,DreamDemon,0,Venom,100.0,1,1,PalUpgradeStone,1.0,1,1,None,0.0,0,0,None,0.0,0,0,None,0.0,0,0
Drillgame000,Drillgame,0,CopperOre,100.0,2,3,PalOil,100.0,2,3,None,0.0,0,0,None,0.0,0,0,None,0.0,0,0
Eagle000,Eagle,0,Meat_Eagle,100.0,1,1,Leather,100.0,1,1,None,0.0,0,0,None,0.0,0,0,None,0.0,0,0
ElecCat000,ElecCat,0,ElectricOrgan,100.0,1,2,None,0.0,0,0,None,0.0,0,0,None,0.0,0,0,None,0.0,0,0
ElecLion000,ElecLion,0,FireOrgan,100.0,2,3,None,0.0,0,0,None,0.0,0,0,None,0.0,0,0,None,0.0,0,0
ElecPanda000,ElecPanda,0,ElectricOrgan,100.0,2,4,Leather,100.0,2,3,None,0.0,0,0,None,0.0,0,0,None,0.0,0,0
FairyDragon000,FairyDragon,0,PalOil,100.0,2,3,None,0.0,0,0,None,0.0,0,0,None,0.0,0,0,None,0.0,0,0
FairyDragon_Water000,FairyDragon_Water,0,PalOil,100.0,2,3,None,0.0,0,0,None,0.0,0,0,None,0.0,0,0,None,0.0,0,0
Female_DesertPeople02000,Female_DesertPeople02,0,Pan,40.0,1,2,Money,40.0,10,100,None,0.0,0,0,None,0.0,0,0,None,0.0,0,0
Female_People02000,Female_People02,0,Pan,40.0,1,2,Money,40.0,10,100,None,0.0,0,0,None,0.0,0,0,None,0.0,0,0
Female_People03000,Female_People03,0,Pan,40.0,1,2,Money,40.0,10,100,None,0.0,0,0,None,0.0,0,0,None,0.0,0,0
FengyunDeeper000,FengyunDeeper,0,Leather,100.0,3,3,Horn,100.0,2,2,None,0.0,0,0,None,0.0,0,0,None,0.0,0,0
FireCult_Rifle000,FireCult_Rifle,0,FireOrgan,100.0,1,1,Money,40.0,100,150,AssaultRifleBullet,100.0,1,2,None,0.0,0,0,None,0.0,0,0
FireCult_FlameThrower000,FireCult_FlameThrower,0,FireOrgan,100.0,1,2,Money,40.0,100,150,None,0.0,0,0,None,0.0,0,0,None,0.0,0,0
FireKirin000,FireKirin,0,FireOrgan,100.0,4,5,Leather,100.0,2,3,None,0.0,0,0,None,0.0,0,0,None,0.0,0,0
FireKirin_Dark000,FireKirin_Dark,0,FireOrgan,100.0,4,5,Leather,100.0,2,3,None,0.0,0,0,None,0.0,0,0,None,0.0,0,0
FlameBuffalo000,FlameBuffalo,0,Horn,100.0,1,1,FireOrgan,100.0,2,3,None,0.0,0,0,None,0.0,0,0,None,0.0,0,0
FlowerDinosaur000,FlowerDinosaur,0,WheatSeeds,50.0,1,2,None,0.0,0,0,None,0.0,0,0,None,0.0,0,0,None,0.0,0,0
FlowerDinosaur_Electric000,FlowerDinosaur_Electric,0,TomatoSeeds,50.0,1,2,None,0.0,0,0,None,0.0,0,0,None,0.0,0,0,None,0.0,0,0
FlowerDoll000,FlowerDoll,0,Poppy,100.0,2,3,None,0.0,0,0,None,0.0,0,0,None,0.0,0,0,None,0.0,0,0
FlowerRabbit000,FlowerRabbit,0,Herbs,20.0,1,1,WheatSeeds,100.0,1,1,None,0.0,0,0,None,0.0,0,0,None,0.0,0,0
FlyingManta000,FlyingManta,0,PalFluid,100.0,1,2,None,0.0,0,0,None,0.0,0,0,None,0.0,0,0,None,0.0,0,0
FoxMage000,FoxMage,0,FireOrgan,100.0,1,2,TechnologyBook_G1,1.0,1,1,None,0.0,0,0,None,0.0,0,0,None,0.0,0,0
Ganesha000,Ganesha,0,PalFluid,100.0,1,1,None,0.0,0,0,None,0.0,0,0,None,0.0,0,0,None,0.0,0,0
Garm000,Garm,0,Leather,100.0,1,2,Ruby,3.0,1,1,Money,3.0,10,20,None,0.0,0,0,None,0.0,0,0
GhostBeast000,GhostBeast,0,Bone,100.0,1,2,PalUpgradeStone,15.0,1,1,None,0.0,0,0,None,0.0,0,0,None,0.0,0,0
GoodwillAmbassador000,GoodwillAmbassador,0,PalSphere,40.0,1,2,Money,40.0,10,100,None,0.0,0,0,None,0.0,0,0,None,0.0,0,0
Gorilla000,Gorilla,0,Leather,100.0,1,2,Bone,100.0,1,1,None,0.0,0,0,None,0.0,0,0,None,0.0,0,0
GrassMammoth000,GrassMammoth,0,PalOil,100.0,5,10,Leather,100.0,5,10,Meat_GrassMammoth,100.0,2,2,None,0.0,0,0,None,0.0,0,0
GrassMammoth_Ice000,GrassMammoth_Ice,0,PalOil,100.0,5,10,Leather,100.0,5,10,Meat_GrassMammoth,100.0,2,2,None,0.0,0,0,None,0.0,0,0
GrassPanda000,GrassPanda,0,Mushroom,100.0,2,3,Leather,100.0,2,3,TomatoSeeds,50.0,1,1,None,0.0,0,0,None,0.0,0,0
GrassPanda_Electric000,GrassPanda_Electric,0,Mushroom,100.0,2,3,ElectricOrgan,100.0,1,2,Leather,100.0,2,3,None,0.0,0,0,None,0.0,0,0
GrassRabbitMan000,GrassRabbitMan,0,Leather,100.0,1,2,Bone,100.0,1,1,None,0.0,0,0,None,0.0,0,0,None,0.0,0,0
Guard_Rifle000,Guard_Rifle,0,PalSphere,40.0,1,2,Money,40.0,50,200,AssaultRifleBullet,100.0,1,1,None,0.0,0,0,None,0.0,0,0
Guard_Shotgun000,Guard_Shotgun,0,PalSphere_Mega,40.0,1,2,Money,40.0,50,200,ShotgunBullet,100.0,1,1,None,0.0,0,0,None,0.0,0,0
GuardianDog000,GuardianDog,0,Leather,100.0,1,2,None,0.0,0,0,None,0.0,0,0,None,0.0,0,0,None,0.0,0,0
HadesBird000,HadesBird,0,Venom,100.0,1,3,PalUpgradeStone2,3.0,1,1,None,0.0,0,0,None,0.0,0,0,None,0.0,0,0
HawkBird000,HawkBird,0,Leather,100.0,1,3,None,0.0,0,0,None,0.0,0,0,None,0.0,0,0,None,0.0,0,0
Hedgehog000,Hedgehog,0,ElectricOrgan,100.0,1,1,None,0.0,0,0,None,0.0,0,0,None,0.0,0,0,None,0.0,0,0
Hedgehog_Ice000,Hedgehog_Ice,0,IceOrgan,100.0,1,1,None,0.0,0,0,None,0.0,0,0,None,0.0,0,0,None,0.0,0,0
HerculesBeetle000,HerculesBeetle,0,Honey,100.0,3,4,None,0.0,0,0,None,0.0,0,0,None,0.0,0,0,None,0.0,0,0
Horus000,Horus,0,FireOrgan,100.0,1,4,None,0.0,0,0,None,0.0,0,0,None,0.0,0,0,None,0.0,0,0
Hunter_Bat000,Hunter_Bat,0,PalSphere,40.0,1,2,Money,40.0,10,100,TreasureBoxKey01,1.0,1,1,None,0.0,0,0,None,0.0,0,0
Hunter_Handgun000,Hunter_Handgun,0,PalSphere,40.0,1,2,Money,40.0,30,150,TreasureBoxKey01,1.0,1,1,RoughBullet,100.0,1,2,None,0.0,0,0
Hunter_Rifle000,Hunter_Rifle,0,PalSphere_Mega,40.0,1,2,Money,40.0,50,200,TreasureBoxKey01,1.0,1,1,AssaultRifleBullet,100.0,1,1,None,0.0,0,0
Hunter_RocketLauncher000,Hunter_RocketLauncher,0,PalSphere_Giga,40.0,1,2,Money,40.0,100,300,TreasureBoxKey01,1.0,1,1,ExplosiveBullet,50.0,1,1,None,0.0,0,0
Hunter_Shotgun000,Hunter_Shotgun,0,PalSphere_giga,40.0,1,2,Money,40.0,50,200,TreasureBoxKey01,1.0,1,1,ShotgunBullet,100.0,1,1,None,0.0,0,0
IceDeer000,IceDeer,0,Meat_IceDeer,100.0,2,2,Leather,100.0,1,1,Horn,100.0,2,2,IceOrgan,100.0,2,3,None,0.0,0,0
IceFox000,IceFox,0,Leather,100.0,1,1,IceOrgan,100.0,2,3,None,0.0,0,0,None,0.0,0,0,None,0.0,0,0
IceHorse000,IceHorse,0,IceOrgan,100.0,10,10,Diamond,100.0,1,1,None,0.0,0,0,None,0.0,0,0,None,0.0,0,0
IceHorse_Dark000,IceHorse_Dark,0,Quartz,100.0,10,10,PalUpgradeStone3,100.0,1,1,None,0.0,0,0,None,0.0,0,0,None,0.0,0,0
Inspector000,Inspector,0,PalSphere,40.0,1,2,Money,40.0,10,100,None,0.0,0,0,None,0.0,0,0,None,0.0,0,0
JetDragon000,JetDragon,0,Quartz,100.0,10,10,Polymer,100.0,5,5,CarbonFiber,100.0,5,5,Diamond,30.0,1,1,None,0.0,0,0
Kelpie000,Kelpie,0,Meat_Kelpie,100.0,1,1,PalFluid,100.0,1,1,None,0.0,0,0,None,0.0,0,0,None,0.0,0,0
Kelpie_Fire000,Kelpie_Fire,0,Meat_Kelpie,100.0,1,1,FireOrgan,100.0,1,1,None,0.0,0,0,None,0.0,0,0,None,0.0,0,0
KingAlpaca000,KingAlpaca,0,Wool,100.0,5,5,None,0.0,0,0,None,0.0,0,0,None,0.0,0,0,None,0.0,0,0
KingAlpaca_Ice000,KingAlpaca_Ice,0,Wool,100.0,5,5,IceOrgan,100.0,3,6,None,0.0,0,0,None,0.0,0,0,None,0.0,0,0
KingBahamut000,KingBahamut,0,Coal,100.0,10,10,FireOrgan,100.0,10,10,None,0.0,0,0,None,0.0,0,0,None,0.0,0,0
Kirin000,Kirin,0,Leather,100.0,2,2,ElectricOrgan,100.0,1,1,Horn,50.0,1,1,None,0.0,0,0,None,0.0,0,0
Kitsunebi000,Kitsunebi,0,Leather,100.0,1,1,FireOrgan,100.0,1,2,None,0.0,0,0,None,0.0,0,0,None,0.0,0,0
LazyDragon000,LazyDragon,0,PalOil,100.0,1,4,Ruby,5.0,1,1,None,0.0,0,0,None,0.0,0,0,None,0.0,0,0
LazyDragon_Electric000,LazyDragon_Electric,0,PalOil,100.0,1,4,ElectricOrgan,100.0,2,3,Sapphire,5.0,1,1,None,0.0,0,0,None,0.0,0,0
LilyQueen000,LilyQueen,0,Herbs,100.0,3,3,Poppy,100.0,1,2,TechnologyBook_G2,10.0,1,1,None,0.0,0,0,None,0.0,0,0
LilyQueen_Dark000,LilyQueen_Dark,0,Herbs,100.0,3,3,Poppy,100.0,2,3,TechnologyBook_G2,10.0,1,1,None,0.0,0,0,None,0.0,0,0
LittleBriarRose000,LittleBriarRose,0,WheatSeeds,100.0,1,2,LettuceSeeds,50.0,1,1,None,0.0,0,0,None,0.0,0,0,None,0.0,0,0
LizardMan000,LizardMan,0,TreasureBoxKey01,100.0,1,1,TreasureBoxKey02,1.0,1,1,None,0.0,0,0,None,0.0,0,0,None,0.0,0,0
LizardMan_Fire000,LizardMan_Fire,0,FireOrgan,100.0,1,2,TreasureBoxKey02,2.0,1,1,None,0.0,0,0,None,0.0,0,0,None,0.0,0,0
Male_DarkTrader01000,Male_DarkTrader01,0,Money,100.0,10000,15000,TreasureBoxKey03,100.0,1,1,None,0.0,0,0,None,0.0,0,0,None,0.0,0,0
Male_DesertPeople01000,Male_DesertPeople01,0,Pan,40.0,1,2,Money,40.0,10,100,None,0.0,0,0,None,0.0,0,0,None,0.0,0,0
Male_Scientist01_LaserRifle000,Male_Scientist01_LaserRifle,0,Money,50.0,200,400,TreasureBoxKey02,3.0,1,1,None,0.0,0,0,None,0.0,0,0,None,0.0,0,0
Male_People02000,Male_People02,0,Pan,40.0,1,2,Money,40.0,10,100,None,0.0,0,0,None,0.0,0,0,None,0.0,0,0
Male_People03000,Male_People03,0,Pan,40.0,1,2,Money,40.0,10,100,None,0.0,0,0,None,0.0,0,0,None,0.0,0,0
Manticore000,Manticore,0,FireOrgan,100.0,3,5,None,0.0,0,0,None,0.0,0,0,None,0.0,0,0,None,0.0,0,0
Manticore_Dark000,Manticore_Dark,0,FireOrgan,100.0,2,4,None,0.0,0,0,None,0.0,0,0,None,0.0,0,0,None,0.0,0,0
MobuCitizen000,MobuCitizen,0,Pan,40.0,1,2,Money,40.0,10,100,None,0.0,0,0,None,0.0,0,0,None,0.0,0,0
MobuCitizen_Male000,MobuCitizen_Male,0,Pan,40.0,1,2,Money,40.0,10,100,None,0.0,0,0,None,0.0,0,0,None,0.0,0,0
MobuVillager000,MobuVillager,0,Pan,40.0,1,2,Money,40.0,10,100,None,0.0,0,0,None,0.0,0,0,None,0.0,0,0
Monkey000,Monkey,0,Mushroom,100.0,1,1,None,0.0,0,0,None,0.0,0,0,None,0.0,0,0,None,0.0,0,0
MopBaby000,MopBaby,0,Wool,100.0,1,1,None,0.0,0,0,None,0.0,0,0,None,0.0,0,0,None,0.0,0,0
MopKing000,MopKing,0,Wool,100.0,3,5,None,0.0,0,0,None,0.0,0,0,None,0.0,0,0,None,0.0,0,0
Mutant000,Mutant,0,Pal_crystal_S,100.0,2,3,None,0.0,0,0,None,0.0,0,0,None,0.0,0,0,None,0.0,0,0
NaughtyCat000,NaughtyCat,0,PalOil,100.0,1,3,None,0.0,0,0,None,0.0,0,0,None,0.0,0,0,None,0.0,0,0
NegativeKoala000,NegativeKoala,0,Venom,100.0,2,3,None,0.0,0,0,None,0.0,0,0,None,0.0,0,0,None,0.0,0,0
NegativeOctopus000,NegativeOctopus,0,Venom,100.0,2,4,None,0.0,0,0,None,0.0,0,0,None,0.0,0,0,None,0.0,0,0
NightFox000,NightFox,0,Leather,100.0,1,1,PalUpgradeStone,40.0,1,1,None,0.0,0,0,None,0.0,0,0,None,0.0,0,0
PalDealer000,PalDealer,0,PalSphere,40.0,1,2,Money,100.0,100,300,None,0.0,0,0,None,0.0,0,0,None,0.0,0,0
PalTrader000,PalTrader,0,PalSphere,40.0,1,2,Money,100.0,100,300,None,0.0,0,0,None,0.0,0,0,None,0.0,0,0
Penguin000,Penguin,0,IceOrgan,100.0,1,2,PalFluid,100.0,1,1,None,0.0,0,0,None,0.0,0,0,None,0.0,0,0
PlantSlime000,PlantSlime,0,BerrySeeds,100.0,1,1,PalItem_PlantSlime,50.0,1,1,None,0.0,0,0,None,0.0,0,0,None,0.0,0,0
PlantSlime_Flower000,PlantSlime_Flower,0,BerrySeeds,100.0,1,1,Poppy,100.0,3,3,PalItem_PlantSlime,50.0,1,1,None,0.0,0,0,None,0.0,0,0
PinkCat000,PinkCat,0,Berries,100.0,1,1,None,0.0,0,0,None,0.0,0,0,None,0.0,0,0,None,0.0,0,0
PinkLizard000,PinkLizard,0,Mushroom,100.0,2,4,Cake,1.0,1,1,Opium,1.0,1,1,Narcotic,1.0,1,1,StatusPointResetSan,1.0,1,1
PinkRabbit000,PinkRabbit,0,Leather,100.0,1,1,Poppy,5.0,1,1,None,0.0,0,0,None,0.0,0,0,None,0.0,0,0
Police_Handgun000,Police_Handgun,0,PalSphere,40.0,1,2,Money,40.0,30,150,HandgunBullet,100.0,1,2,None,0.0,0,0,None,0.0,0,0
Police_Rifle000,Police_Rifle,0,PalSphere_Mega,40.0,1,2,Money,40.0,50,200,AssaultRifleBullet,100.0,1,1,None,0.0,0,0,None,0.0,0,0
Police_Shotgun000,Police_Shotgun,0,PalSphere_Mega,40.0,1,2,Money,40.0,50,200,ShotgunBullet,100.0,1,1,None,0.0,0,0,None,0.0,0,0
QueenBee000,QueenBee,0,Honey,100.0,5,5,Spear_QueenBee,3.0,1,1,None,0.0,0,0,None,0.0,0,0,None,0.0,0,0
QuestMan000,QuestMan,0,PalSphere,40.0,1,2,Money,40.0,10,100,None,0.0,0,0,None,0.0,0,0,None,0.0,0,0
RaijinDaughter000,RaijinDaughter,0,ElectricOrgan,100.0,1,1,None,0.0,0,0,None,0.0,0,0,None,0.0,0,0,None,0.0,0,0
RedArmorBird000,RedArmorBird,0,FireOrgan,100.0,5,7,None,0.0,0,0,None,0.0,0,0,None,0.0,0,0,None,0.0,0,0
Robbery_Leader000,Robbery_Leader,0,PalSphere,40.0,1,2,Money,40.0,10,100,None,0.0,0,0,None,0.0,0,0,None,0.0,0,0
Robbery_Minion000,Robbery_Minion,0,PalSphere,40.0,1,2,Money,40.0,10,100,None,0.0,0,0,None,0.0,0,0,None,0.0,0,0
RobinHood000,RobinHood,0,WheatSeeds,50.0,1,2,Arrow,100.0,2,4,None,0.0,0,0,None,0.0,0,0,None,0.0,0,0
RobinHood_Ground000,RobinHood_Ground,0,WheatSeeds,50.0,1,2,Arrow,100.0,2,4,None,0.0,0,0,None,0.0,0,0,None,0.0,0,0
Ronin000,Ronin,0,Bone,100.0,1,2,CopperIngot,100.0,2,3,None,0.0,0,0,None,0.0,0,0,None,0.0,0,0
SaintCentaur000,SaintCentaur,0,StealIngot,100.0,10,10,Diamond,100.0,1,1,None,0.0,0,0,None,0.0,0,0,None,0.0,0,0
SakuraSaurus000,SakuraSaurus,0,Meat_SakuraSaurus,100.0,2,2,TomatoSeeds,50.0,1,2,None,0.0,0,0,None,0.0,0,0,None,0.0,0,0
SakuraSaurus_Water000,SakuraSaurus_Water,0,Meat_SakuraSaurus,100.0,2,2,LettuceSeeds,50.0,1,2,None,0.0,0,0,None,0.0,0,0,None,0.0,0,0
SalesPerson000,SalesPerson,0,PalSphere,40.0,1,2,Money,100.0,100,300,None,0.0,0,0,None,0.0,0,0,None,0.0,0,0
Scientist_FlameThrower000,Scientist_FlameThrower,0,Money,50.0,200,400,TreasureBoxKey02,2.0,1,1,None,0.0,0,0,None,0.0,0,0,None,0.0,0,0
Serpent000,Serpent,0,PalFluid,100.0,1,2,None,0.0,0,0,None,0.0,0,0,None,0.0,0,0,None,0.0,0,0
Serpent_Ground000,Serpent_Ground,0,PalFluid,100.0,1,2,None,0.0,0,0,None,0.0,0,0,None,0.0,0,0,None,0.0,0,0
SharkKid000,SharkKid,0,PalFluid,100.0,1,1,None,0.0,0,0,None,0.0,0,0,None,0.0,0,0,None,0.0,0,0
SharkKid_Fire000,SharkKid_Fire,0,FireOrgan,100.0,1,1,None,0.0,0,0,None,0.0,0,0,None,0.0,0,0,None,0.0,0,0
SheepBall000,SheepBall,0,Wool,100.0,1,3,Meat_SheepBall,100.0,1,1,None,0.0,0,0,None,0.0,0,0,None,0.0,0,0
SkyDragon000,SkyDragon,0,PalOil,100.0,3,3,None,0.0,0,0,None,0.0,0,0,None,0.0,0,0,None,0.0,0,0
SoldierBee000,SoldierBee,0,Honey,100.0,1,2,None,0.0,0,0,None,0.0,0,0,None,0.0,0,0,None,0.0,0,0
Suzaku000,Suzaku,0,FireOrgan,100.0,5,10,None,0.0,0,0,None,0.0,0,0,None,0.0,0,0,None,0.0,0,0
Suzaku_Water000,Suzaku_Water,0,PalFluid,100.0,5,5,None,0.0,0,0,None,0.0,0,0,None,0.0,0,0,None,0.0,0,0
SweetsSheep000,SweetsSheep,0,Sweet,100.0,1,2,PalOil,100.0,1,1,None,0.0,0,0,None,0.0,0,0,None,0.0,0,0
TestAssassin000,TestAssassin,0,PalSphere,40.0,1,2,Money,40.0,10,100,None,0.0,0,0,None,0.0,0,0,None,0.0,0,0
TestNPC000,TestNPC,0,PalSphere,40.0,1,2,Money,40.0,10,100,None,0.0,0,0,None,0.0,0,0,None,0.0,0,0
ThunderDog000,ThunderDog,0,ElectricOrgan,100.0,1,2,None,0.0,0,0,None,0.0,0,0,None,0.0,0,0,None,0.0,0,0
ThunderBird000,ThunderBird,0,ElectricOrgan,100.0,1,2,None,0.0,0,0,None,0.0,0,0,None,0.0,0,0,None,0.0,0,0
ThunderDragonMan000,ThunderDragonMan,0,ElectricOrgan,100.0,1,2,None,0.0,0,0,None,0.0,0,0,None,0.0,0,0,None,0.0,0,0
Umihebi000,Umihebi,0,PalFluid,100.0,2,4,None,0.0,0,0,None,0.0,0,0,None,0.0,0,0,None,0.0,0,0
Umihebi_Fire000,Umihebi_Fire,0,PalOil,100.0,2,3,FireOrgan,100.0,2,3,None,0.0,0,0,None,0.0,0,0,None,0.0,0,0
VioletFairy000,VioletFairy,0,Herbs,100.0,2,2,TomatoSeeds,50.0,1,1,None,0.0,0,0,None,0.0,0,0,None,0.0,0,0
VisitingMerchant000,VisitingMerchant,0,PalSphere,40.0,1,2,Money,100.0,100,300,None,0.0,0,0,None,0.0,0,0,None,0.0,0,0
VolcanicMonster000,VolcanicMonster,0,FireOrgan,100.0,5,7,None,0.0,0,0,None,0.0,0,0,None,0.0,0,0,None,0.0,0,0
VolcanicMonster_Ice000,VolcanicMonster_Ice,0,IceOrgan,100.0,3,4,None,0.0,0,0,None,0.0,0,0,None,0.0,0,0,None,0.0,0,0
WeaponsDealer000,WeaponsDealer,0,PalSphere,40.0,1,2,Money,100.0,100,300,None,0.0,0,0,None,0.0,0,0,None,0.0,0,0
WeaselDragon000,WeaselDragon,0,Leather,100.0,2,3,None,0.0,0,0,None,0.0,0,0,None,0.0,0,0,None,0.0,0,0
Werewolf000,Werewolf,0,Bone,100.0,1,1,None,0.0,0,0,None,0.0,0,0,None,0.0,0,0,None,0.0,0,0
WhiteMoth000,WhiteMoth,0,Cloth2,100.0,1,1,IceOrgan,100.0,2,3,None,0.0,0,0,None,0.0,0,0,None,0.0,0,0
WhiteTiger000,WhiteTiger,0,IceOrgan,100.0,1,3,None,0.0,0,0,None,0.0,0,0,None,0.0,0,0,None,0.0,0,0
WindChimes000,WindChimes,0,Fiber,100.0,5,10,None,0.0,0,0,None,0.0,0,0,None,0.0,0,0,None,0.0,0,0
WindChimes_Ice000,WindChimes_Ice,0,Fiber,100.0,5,10,IceOrgan,100.0,1,1,None,0.0,0,0,None,0.0,0,0,None,0.0,0,0
WizardOwl000,WizardOwl,0,Fiber,100.0,5,10,TechnologyBook_G1,1.0,1,1,None,0.0,0,0,None,0.0,0,0,None,0.0,0,0
Yeti000,Yeti,0,IceOrgan,100.0,2,3,Poppy,20.0,1,1,None,0.0,0,0,None,0.0,0,0,None,0.0,0,0
Yeti_Grass000,Yeti_Grass,0,LettuceSeeds,100.0,1,1,TomatoSeeds,100.0,1,1,Poppy,20.0,1,1,None,0.0,0,0,None,0.0,0,0
SifuDog000,SifuDog,0,Bone,100.0,1,1,None,0.0,0,0,None,0.0,0,0,None,0.0,0,0,None,0.0,0,0
TentacleTurtle000,TentacleTurtle,0,PalFluid,100.0,1,2,None,0.0,0,0,None,0.0,0,0,None,0.0,0,0,None,0.0,0,0
GoldenHorse000,GoldenHorse,0,Leather,100.0,2,3,None,0.0,0,0,None,0.0,0,0,None,0.0,0,0,None,0.0,0,0
BadCatgirl000,BadCatgirl,0,Leather,100.0,1,1,None,0.0,0,0,None,0.0,0,0,None,0.0,0,0,None,0.0,0,0
BrownRabbit000,BrownRabbit,0,Leather,100.0,1,1,None,0.0,0,0,None,0.0,0,0,None,0.0,0,0,None,0.0,0,0
FeatherOstrich000,FeatherOstrich,0,Bone,100.0,1,1,None,0.0,0,0,None,0.0,0,0,None,0.0,0,0,None,0.0,0,0
WingGolem000,WingGolem,0,CopperOre,100.0,2,3,None,0.0,0,0,None,0.0,0,0,None,0.0,0,0,None,0.0,0,0
ScorpionMan000,ScorpionMan,0,Venom,100.0,4,5,None,0.0,0,0,None,0.0,0,0,None,0.0,0,0,None,0.0,0,0
BlueberryFairy000,BlueberryFairy,0,Herbs,100.0,1,3,None,0.0,0,0,None,0.0,0,0,None,0.0,0,0,None,0.0,0,0
WoolFox000,WoolFox,0,Wool,100.0,1,2,None,0.0,0,0,None,0.0,0,0,None,0.0,0,0,None,0.0,0,0
LazyCatfish000,LazyCatfish,0,Meat_LazyCatfish,100.0,2,2,PalOil,100.0,1,1,None,0.0,0,0,None,0.0,0,0,None,0.0,0,0
LavaGirl000,LavaGirl,0,FireOrgan,100.0,2,3,PalOil,100.0,1,1,None,0.0,0,0,None,0.0,0,0,None,0.0,0,0
FlameBambi000,FlameBambi,0,FireOrgan,100.0,2,3,Leather,100.0,1,1,None,0.0,0,0,None,0.0,0,0,None,0.0,0,0
BOSS_Alpaca000,BOSS_Alpaca,0,PalCrystal_Ex,100.0,1,2,Wool,100.0,2,5,Leather,100.0,1,1,PalItem_ToSell_05,100.0,1,2,Accessory_NormalResist_2,3.0,1,1
BOSS_AmaterasuWolf000,BOSS_AmaterasuWolf,0,PalCrystal_Ex,100.0,6,8,FireOrgan,100.0,2,3,Leather,100.0,2,3,PalItem_ToSell_05,100.0,6,8,Accessory_FireResist_2,3.0,1,1
BOSS_Anubis000,BOSS_Anubis,0,PalCrystal_Ex,100.0,4,6,Bone,100.0,3,5,PalUpgradeStone3,100.0,1,1,PalItem_ToSell_03,100.0,4,6,Accessory_EarthResist_3,1.0,1,1
BOSS_Baphomet000,BOSS_Baphomet,0,PalCrystal_Ex,100.0,2,3,Horn,100.0,1,1,Leather,100.0,1,1,PalItem_ToSell_04,100.0,2,3,Accessory_FireResist_2,3.0,1,1
BOSS_Baphomet_Dark000,BOSS_Baphomet_Dark,0,PalCrystal_Ex,100.0,2,3,Horn,100.0,1,1,Leather,100.0,1,1,PalItem_ToSell_04,100.0,2,3,Accessory_DarkResist_2,3.0,1,1
BOSS_Bastet000,BOSS_Bastet,0,PalCrystal_Ex,100.0,1,2,Money,50.0,100,200,None,0.0,0,0,PalItem_ToSell_04,100.0,1,2,Accessory_DarkResist_1,5.0,1,1
BOSS_Bastet_Ice000,BOSS_Bastet_Ice,0,PalCrystal_Ex,100.0,2,3,IceOrgan,100.0,1,2,Sapphire,1.0,1,1,PalItem_ToSell_04,100.0,2,3,Accessory_IceResist_1,5.0,1,1
BOSS_BeardedDragon000,BOSS_BeardedDragon,0,PalCrystal_Ex,100.0,1,1,None,0.0,0,0,None,0.0,0,0,PalItem_ToSell_02,100.0,1,1,Accessory_DragonResist_3,1.0,1,1
BOSS_BerryGoat000,BOSS_BerryGoat,0,PalCrystal_Ex,100.0,1,2,Meat_BerryGoat,100.0,2,2,Berries,100.0,2,4,PalItem_ToSell_05,100.0,1,2,Accessory_LeafResist_2,3.0,1,1
BOSS_Believer_Bat000,BOSS_Believer_Bat,0,Money,100.0,100,150,TreasureBoxKey01,1.0,1,1,None,0.0,0,0,None,0.0,0,0,None,0.0,0,0
BOSS_Believer_CrossBow000,BOSS_Believer_CrossBow,0,Money,100.0,100,150,TreasureBoxKey01,1.0,1,1,None,0.0,0,0,None,0.0,0,0,None,0.0,0,0
BOSS_BirdDragon000,BOSS_BirdDragon,0,PalCrystal_Ex,100.0,4,6,Bone,100.0,1,2,Ruby,1.0,1,2,PalItem_ToSell_02,100.0,4,6,Accessory_FireResist_2,3.0,1,1
BOSS_BirdDragon_Ice000,BOSS_BirdDragon_Ice,0,PalCrystal_Ex,100.0,5,7,Bone,100.0,1,2,IceOrgan,100.0,2,3,PalItem_ToSell_02,100.0,5,7,Accessory_IceResist_2,3.0,1,1
BOSS_BlackCentaur000,BOSS_BlackCentaur,0,PalCrystal_Ex,100.0,6,8,StealIngot,100.0,10,10,PalUpgradeStone3,100.0,1,1,PalItem_ToSell_03,100.0,6,8,Blueprint_StealArmorHeat_5,3.0,1,1
BOSS_BlackFurDragon000,BOSS_BlackFurDragon,0,PalCrystal_Ex,100.0,6,8,Bone,100.0,3,5,None,0.0,0,0,PalItem_ToSell_02,100.0,6,8,Accessory_DarkResist_3,1.0,1,1
BOSS_BlackGriffon000,BOSS_BlackGriffon,0,PalCrystal_Ex,100.0,6,8,StealIngot,100.0,1,2,CarbonFiber,100.0,2,3,PalItem_ToSell_02,100.0,6,8,Accessory_DarkResist_3,1.0,1,1
BOSS_BlueDragon000,BOSS_BlueDragon,0,PalCrystal_Ex,100.0,2,3,Cloth,100.0,1,3,None,0.0,0,0,PalItem_ToSell_01,100.0,2,3,Blueprint_FurArmor_5,3.0,1,1
BOSS_BlackMetalDragon000,BOSS_BlackMetalDragon,0,PalCrystal_Ex,100.0,2,3,StealIngot,100.0,1,2,Quartz,100.0,3,5,PalItem_ToSell_01,100.0,4,6,Blueprint_IronArmorHeat_5,3.0,1,1
BOSS_BluePlatypus000,BOSS_BluePlatypus,0,PalCrystal_Ex,100.0,1,2,Leather,100.0,1,1,PalFluid,100.0,1,1,PalItem_ToSell_05,100.0,1,2,Accessory_AquaResist_1,5.0,1,1
BOSS_Boar000,BOSS_Boar,0,PalCrystal_Ex,100.0,1,2,Meat_Boar,100.0,1,2,Leather,100.0,1,1,PalItem_ToSell_04,100.0,1,2,Accessory_EarthResist_1,5.0,1,1
BOSS_CaptainPenguin000,BOSS_CaptainPenguin,0,PalCrystal_Ex,100.0,2,3,IceOrgan,100.0,1,3,PalItem_CaptainPenguin,50.0,1,1,PalItem_ToSell_05,100.0,2,3,Blueprint_FurHelmet_5,3.0,1,1
BOSS_Carbunclo000,BOSS_Carbunclo,0,PalCrystal_Ex,100.0,1,2,BerrySeeds,100.0,1,1,Herbs,20.0,1,1,PalItem_ToSell_05,100.0,1,2,Accessory_LeafResist_1,5.0,1,1
BOSS_CatBat000,BOSS_CatBat,0,PalCrystal_Ex,100.0,2,3,Leather,100.0,1,2,PalUpgradeStone,1.0,1,1,PalItem_ToSell_04,100.0,1,2,Accessory_DarkResist_2,3.0,1,1
BOSS_CatMage000,BOSS_CatMage,0,PalCrystal_Ex,100.0,2,4,Leather,100.0,1,2,PalItem_CatMage,50.0,1,1,PalItem_ToSell_05,100.0,2,4,Accessory_DarkResist_2,3.0,1,1
BOSS_CatVampire000,BOSS_CatVampire,0,PalCrystal_Ex,100.0,1,3,Cloth,100.0,1,2,PalUpgradeStone,3.0,1,1,PalItem_ToSell_05,100.0,1,3,Accessory_DarkResist_1,5.0,1,1
BOSS_ChickenPal000,BOSS_ChickenPal,0,PalCrystal_Ex,100.0,1,2,Egg,100.0,1,1,Meat_ChickenPal,100.0,1,1,PalItem_ToSell_02,100.0,1,2,Accessory_NormalResist_1,5.0,1,1
BOSS_ColorfulBird000,BOSS_ColorfulBird,0,PalCrystal_Ex,100.0,1,2,Gunpowder2,100.0,1,1,PalItem_ColorfulBird,50.0,1,1,PalItem_ToSell_02,100.0,1,2,Accessory_NormalResist_1,5.0,1,1
BOSS_CowPal000,BOSS_CowPal,0,PalCrystal_Ex,100.0,1,2,Meat_CowPal,100.0,2,3,Milk,100.0,1,1,PalItem_ToSell_05,100.0,1,2,Accessory_NormalResist_2,3.0,1,1
BOSS_CuteButterfly000,BOSS_CuteButterfly,0,PalCrystal_Ex,100.0,2,4,Honey,100.0,1,1,LettuceSeeds,20.0,1,1,PalItem_ToSell_02,100.0,2,4,Accessory_LeafResist_2,3.0,1,1
BOSS_CuteFox000,BOSS_CuteFox,0,PalCrystal_Ex,100.0,1,2,Leather,100.0,1,1,Bone,100.0,1,1,PalItem_ToSell_05,100.0,1,2,Accessory_NormalResist_1,5.0,1,1
BOSS_CuteMole000,BOSS_CuteMole,0,PalCrystal_Ex,100.0,1,2,Leather,100.0,1,2,None,0.0,0,0,PalItem_ToSell_04,100.0,1,2,Accessory_EarthResist_1,5.0,1,1
BOSS_DarkCrow000,BOSS_DarkCrow,0,PalCrystal_Ex,100.0,1,2,Bone,100.0,2,4,Venom,100.0,2,2,PalItem_ToSell_02,100.0,1,2,Accessory_DarkResist_1,5.0,1,1
BOSS_DarkScorpion000,BOSS_DarkScorpion,0,PalCrystal_Ex,100.0,4,6,Coal,100.0,10,10,Venom,100.0,5,10,PalItem_ToSell_04,100.0,4,6,Blueprint_IronHelmet_5,3.0,1,1
BOSS_Deer000,BOSS_Deer,0,PalCrystal_Ex,100.0,1,2,Meat_Deer,100.0,2,2,Leather,100.0,2,3,PalItem_ToSell_05,100.0,1,2,Accessory_NormalResist_2,3.0,1,1
BOSS_Deer_Ground000,BOSS_Deer_Ground,0,PalCrystal_Ex,100.0,1,2,Meat_Deer,100.0,2,2,Leather,100.0,2,3,PalItem_ToSell_05,100.0,1,2,Accessory_EarthResist_2,3.0,1,1
BOSS_DreamDemon000,BOSS_DreamDemon,0,PalCrystal_Ex,100.0,1,3,Venom,100.0,1,1,PalUpgradeStone,1.0,1,1,PalItem_ToSell_05,100.0,1,3,Accessory_DarkResist_1,5.0,1,1
BOSS_Drillgame000,BOSS_Drillgame,0,PalCrystal_Ex,100.0,2,3,CopperOre,100.0,2,3,PalOil,100.0,2,3,PalItem_ToSell_04,100.0,2,3,Accessory_EarthResist_2,3.0,1,1
BOSS_Eagle000,BOSS_Eagle,0,PalCrystal_Ex,100.0,2,4,Meat_Eagle,100.0,1,1,Leather,100.0,1,1,PalItem_ToSell_02,100.0,2,4,Accessory_NormalResist_1,5.0,1,1
BOSS_ElecCat000,BOSS_ElecCat,0,PalCrystal_Ex,100.0,1,2,ElectricOrgan,100.0,1,2,None,0.0,0,0,PalItem_ToSell_04,100.0,1,2,Accessory_ThunderResist_1,5.0,1,1
BOSS_ElecLion000,BOSS_ElecLion,0,PalCrystal_Ex,100.0,4,6,FireOrgan,100.0,2,3,None,0.0,0,0,PalItem_ToSell_04,100.0,4,6,Accessory_FireResist_2,3.0,1,1
BOSS_ElecPanda000,BOSS_ElecPanda,0,PalCrystal_Ex,100.0,2,4,ElectricOrgan,100.0,2,4,Leather,100.0,2,3,PalItem_ToSell_04,100.0,2,4,Accessory_ThunderResist_2,3.0,1,1
BOSS_FairyDragon000,BOSS_FairyDragon,0,PalCrystal_Ex,100.0,2,3,PalOil,100.0,2,3,None,0.0,0,0,PalItem_ToSell_02,100.0,2,3,Accessory_DragonResist_2,3.0,1,1
BOSS_FairyDragon_Water000,BOSS_FairyDragon_Water,0,PalCrystal_Ex,100.0,3,4,PalOil,100.0,2,3,None,0.0,0,0,PalItem_ToSell_02,100.0,3,4,Accessory_AquaResist_2,3.0,1,1
BOSS_Female_People02000,BOSS_Female_People02,0,Pan,100.0,1,2,Money,40.0,10,100,None,0.0,0,0,None,0.0,0,0,None,0.0,0,0
BOSS_Female_People03000,BOSS_Female_People03,0,Pan,100.0,1,2,Money,40.0,10,100,None,0.0,0,0,None,0.0,0,0,None,0.0,0,0
BOSS_FengyunDeeper000,BOSS_FengyunDeeper,0,PalCrystal_Ex,100.0,2,3,Leather,100.0,3,3,Horn,100.0,2,2,PalItem_ToSell_05,100.0,2,3,Accessory_NormalResist_2,3.0,1,1
BOSS_FireCult_Rifle000,BOSS_FireCult_Rifle,0,FireOrgan,100.0,1,1,Money,40.0,100,150,None,0.0,0,0,None,0.0,0,1,None,0.0,0,0
BOSS_FireCult_FlameThrower000,BOSS_FireCult_FlameThrower,0,FireOrgan,100.0,1,2,Money,40.0,100,150,None,0.0,0,0,None,0.0,0,2,None,0.0,0,0
BOSS_FireKirin000,BOSS_FireKirin,0,PalCrystal_Ex,100.0,2,3,FireOrgan,100.0,4,5,Leather,100.0,2,3,PalItem_ToSell_04,100.0,2,3,Accessory_FireResist_2,3.0,1,1
BOSS_FireKirin_Dark000,BOSS_FireKirin_Dark,0,PalCrystal_Ex,100.0,2,3,FireOrgan,100.0,4,5,Leather,100.0,2,3,PalItem_ToSell_04,100.0,2,3,Accessory_DarkResist_2,3.0,1,1
BOSS_FlameBuffalo000,BOSS_FlameBuffalo,0,PalCrystal_Ex,100.0,1,3,Horn,100.0,1,1,FireOrgan,100.0,2,3,PalItem_ToSell_05,100.0,1,3,Accessory_FireResist_2,3.0,1,1
BOSS_FlowerDinosaur000,BOSS_FlowerDinosaur,0,PalCrystal_Ex,100.0,1,3,WheatSeeds,50.0,1,2,None,0.0,0,0,PalItem_ToSell_01,100.0,1,3,Accessory_LeafResist_1,5.0,1,1
BOSS_FlowerDinosaur_Electric000,BOSS_FlowerDinosaur_Electric,0,PalCrystal_Ex,100.0,2,4,TomatoSeeds,50.0,1,2,None,0.0,0,0,PalItem_ToSell_01,100.0,2,4,Accessory_ThunderResist_3,1.0,1,1
BOSS_FlowerDoll000,BOSS_FlowerDoll,0,PalCrystal_Ex,100.0,2,4,Poppy,100.0,2,3,None,0.0,0,0,PalItem_ToSell_03,100.0,2,4,Accessory_LeafResist_2,3.0,1,1
BOSS_FlowerRabbit000,BOSS_FlowerRabbit,0,PalCrystal_Ex,100.0,2,4,Herbs,20.0,1,1,WheatSeeds,100.0,1,1,PalItem_ToSell_05,100.0,1,3,Accessory_LeafResist_1,5.0,1,1
BOSS_FlyingManta000,BOSS_FlyingManta,0,PalCrystal_Ex,100.0,1,2,PalFluid,100.0,1,2,None,0.0,0,0,PalItem_ToSell_02,100.0,1,2,Accessory_AquaResist_2,3.0,1,1
BOSS_FoxMage000,BOSS_FoxMage,0,PalCrystal_Ex,100.0,4,6,FireOrgan,100.0,1,2,TechnologyBook_G1,1.0,1,1,PalItem_ToSell_05,100.0,4,6,Accessory_FireResist_1,5.0,1,1
BOSS_Ganesha000,BOSS_Ganesha,0,PalCrystal_Ex,100.0,1,2,PalFluid,100.0,1,1,None,0.0,0,0,PalItem_ToSell_03,100.0,1,2,Accessory_AquaResist_1,5.0,1,1
BOSS_Garm000,BOSS_Garm,0,PalCrystal_Ex,100.0,1,2,Leather,100.0,1,2,Ruby,3.0,1,1,PalItem_ToSell_04,100.0,1,2,Accessory_NormalResist_1,5.0,1,1
BOSS_GhostBeast000,BOSS_GhostBeast,0,PalCrystal_Ex,100.0,2,4,Bone,100.0,1,2,PalUpgradeStone,15.0,1,1,PalItem_ToSell_04,100.0,2,4,Accessory_DarkResist_2,3.0,1,1
BOSS_GoodwillAmbassador000,BOSS_GoodwillAmbassador,0,PalSphere,40.0,1,2,Money,40.0,1,10,None,0.0,0,0,None,0.0,0,0,None,0.0,0,0
BOSS_Gorilla000,BOSS_Gorilla,0,PalCrystal_Ex,100.0,2,4,Leather,100.0,1,2,Bone,100.0,1,1,PalItem_ToSell_04,100.0,2,4,Accessory_NormalResist_1,5.0,1,1
BOSS_GrassMammoth000,BOSS_GrassMammoth,0,PalCrystal_Ex,100.0,1,2,PalOil,100.0,5,10,Leather,100.0,5,10,PalItem_ToSell_05,100.0,1,2,Accessory_LeafResist_3,1.0,1,1
BOSS_GrassMammoth_Ice000,BOSS_GrassMammoth_Ice,0,PalCrystal_Ex,100.0,1,2,PalOil,100.0,5,10,Leather,100.0,5,10,PalItem_ToSell_05,100.0,1,2,Accessory_IceResist_3,1.0,1,1
BOSS_GrassPanda000,BOSS_GrassPanda,0,PalCrystal_Ex,100.0,2,4,Mushroom,100.0,2,3,Leather,100.0,2,3,PalItem_ToSell_05,100.0,2,4,Accessory_LeafResist_2,3.0,1,1
BOSS_GrassPanda_Electric000,BOSS_GrassPanda_Electric,0,PalCrystal_Ex,100.0,3,5,Mushroom,100.0,2,3,ElectricOrgan,100.0,1,2,PalItem_ToSell_05,100.0,3,5,Accessory_ThunderResist_2,3.0,1,1
BOSS_GrassRabbitMan000,BOSS_GrassRabbitMan,0,PalCrystal_Ex,100.0,2,3,Leather,100.0,1,2,Bone,100.0,1,1,PalItem_ToSell_05,100.0,2,3,Accessory_LeafResist_2,3.0,1,1
BOSS_Guard_Rifle000,BOSS_Guard_Rifle,0,PalSphere,40.0,1,2,Money,40.0,1,10,None,0.0,0,0,AssaultRifleBullet,0.0,0,0,None,0.0,0,0
BOSS_Guard_Shotgun000,BOSS_Guard_Shotgun,0,PalSphere,40.0,1,2,Money,40.0,1,10,None,0.0,0,0,ShotgunBullet,0.0,0,0,None,0.0,0,0
BOSS_GuardianDog000,BOSS_GuardianDog,0,PalCrystal_Ex,100.0,2,4,Leather,100.0,1,2,None,0.0,0,0,PalItem_ToSell_05,100.0,2,4,Accessory_NormalResist_1,5.0,1,1
BOSS_HadesBird000,BOSS_HadesBird,0,PalCrystal_Ex,100.0,4,6,Venom,100.0,1,3,PalUpgradeStone2,3.0,1,1,PalItem_ToSell_02,100.0,4,6,Accessory_DarkResist_2,3.0,1,1
BOSS_HawkBird000,BOSS_HawkBird,0,PalCrystal_Ex,100.0,4,6,Leather,100.0,1,3,None,0.0,0,0,PalItem_ToSell_02,100.0,4,6,Accessory_NormalResist_1,5.0,1,1
BOSS_Hedgehog000,BOSS_Hedgehog,0,PalCrystal_Ex,100.0,1,2,ElectricOrgan,100.0,1,1,None,0.0,0,0,PalItem_ToSell_04,100.0,1,2,Accessory_ThunderResist_1,5.0,1,1
BOSS_Hedgehog_Ice000,BOSS_Hedgehog_Ice,0,PalCrystal_Ex,100.0,1,2,IceOrgan,100.0,1,1,None,0.0,0,0,PalItem_ToSell_04,100.0,1,2,Accessory_IceResist_1,5.0,1,1
BOSS_HerculesBeetle000,BOSS_HerculesBeetle,0,PalCrystal_Ex,100.0,2,4,Honey,100.0,3,4,None,0.0,0,0,PalItem_ToSell_02,100.0,2,4,Blueprint_CopperHelmet_5,3.0,1,1
BOSS_Horus000,BOSS_Horus,0,PalCrystal_Ex,100.0,4,6,FireOrgan,100.0,1,4,None,0.0,0,0,PalItem_ToSell_02,100.0,4,6,Accessory_FireResist_3,1.0,1,1
BOSS_Hunter_Bat000,BOSS_Hunter_Bat,0,PalSphere,40.0,1,2,Money,40.0,1,10,Bat,1.0,1,1,None,0.0,0,0,None,0.0,0,0
BOSS_Hunter_Handgun000,BOSS_Hunter_Handgun,0,PalSphere,40.0,1,2,Money,40.0,1,10,None,0.0,0,0,TreasureBoxKey01,1.0,1,1,None,0.0,0,0
BOSS_Hunter_Rifle000,BOSS_Hunter_Rifle,0,PalSphere,40.0,1,2,Money,40.0,1,10,None,0.0,0,0,TreasureBoxKey01,1.0,1,1,None,0.0,0,0
BOSS_Hunter_RocketLauncher000,BOSS_Hunter_RocketLauncher,0,PalSphere,40.0,1,2,Money,40.0,1,10,None,0.0,0,0,TreasureBoxKey01,1.0,1,1,None,0.0,0,0
BOSS_Hunter_Shotgun000,BOSS_Hunter_Shotgun,0,PalSphere,40.0,1,2,Money,40.0,1,10,None,0.0,0,0,TreasureBoxKey01,1.0,1,1,None,0.0,0,0
BOSS_IceDeer000,BOSS_IceDeer,0,PalCrystal_Ex,100.0,6,8,Meat_IceDeer,100.0,2,2,Leather,100.0,1,1,PalItem_ToSell_05,100.0,6,8,Accessory_IceResist_2,3.0,1,1
BOSS_IceFox000,BOSS_IceFox,0,PalCrystal_Ex,100.0,6,8,Leather,100.0,1,1,IceOrgan,100.0,2,3,PalItem_ToSell_05,100.0,6,8,Accessory_IceResist_2,3.0,1,1
BOSS_IceHorse000,BOSS_IceHorse,0,PalCrystal_Ex,100.0,6,8,IceOrgan,100.0,10,10,Diamond,100.0,1,1,PalItem_ToSell_03,100.0,6,8,Blueprint_StealHelmet_5,3.0,1,1
BOSS_IceHorse_Dark000,BOSS_IceHorse_Dark,0,PalCrystal_Ex,100.0,6,8,Quartz,100.0,10,10,PalUpgradeStone3,100.0,1,1,PalItem_ToSell_03,100.0,6,8,Accessory_DarkResist_3,1.0,1,1
BOSS_Inspector000,BOSS_Inspector,0,PalSphere,40.0,1,2,Money,40.0,1,10,None,0.0,0,0,None,0.0,0,0,None,0.0,0,0
BOSS_JetDragon000,BOSS_JetDragon,0,PalCrystal_Ex,100.0,6,8,Quartz,100.0,10,10,Polymer,100.0,5,5,PalItem_ToSell_01,100.0,6,8,Blueprint_Launcher_Default_5,3.0,1,1
BOSS_Kelpie000,BOSS_Kelpie,0,PalCrystal_Ex,100.0,1,2,Meat_Kelpie,100.0,1,1,PalFluid,100.0,1,1,PalItem_ToSell_03,100.0,1,2,Accessory_AquaResist_1,5.0,1,1
BOSS_Kelpie_Fire000,BOSS_Kelpie_Fire,0,PalCrystal_Ex,100.0,1,2,Meat_Kelpie,100.0,1,1,FireOrgan,100.0,1,1,PalItem_ToSell_03,100.0,1,2,Accessory_FireResist_1,5.0,1,1
BOSS_KingAlpaca000,BOSS_KingAlpaca,0,PalCrystal_Ex,100.0,1,3,Wool,100.0,5,5,None,0.0,0,0,PalItem_ToSell_05,100.0,1,3,Blueprint_WeakerBow_5,3.0,1,1
BOSS_KingAlpaca_Ice000,BOSS_KingAlpaca_Ice,0,PalCrystal_Ex,100.0,1,3,Wool,100.0,5,5,IceOrgan,100.0,3,6,PalItem_ToSell_05,100.0,1,3,Accessory_IceResist_3,1.0,1,1
BOSS_KingBahamut000,BOSS_KingBahamut,0,PalCrystal_Ex,100.0,4,6,Coal,100.0,10,10,FireOrgan,100.0,10,10,PalItem_ToSell_04,100.0,4,6,Blueprint_AssaultRifle_Default5,3.0,1,1
BOSS_Kirin000,BOSS_Kirin,0,PalCrystal_Ex,100.0,2,4,Leather,100.0,2,2,ElectricOrgan,100.0,1,1,PalItem_ToSell_04,100.0,2,4,Accessory_ThunderResist_2,3.0,1,1
BOSS_Kitsunebi000,BOSS_Kitsunebi,0,PalCrystal_Ex,100.0,1,2,Leather,100.0,1,1,FireOrgan,100.0,1,2,PalItem_ToSell_05,100.0,1,2,Accessory_FireResist_1,5.0,1,1
BOSS_LazyDragon000,BOSS_LazyDragon,0,PalCrystal_Ex,100.0,2,4,PalOil,100.0,1,4,Ruby,5.0,1,1,PalItem_ToSell_01,100.0,2,4,Accessory_DragonResist_2,3.0,1,1
BOSS_LazyDragon_Electric000,BOSS_LazyDragon_Electric,0,PalCrystal_Ex,100.0,3,5,PalOil,100.0,1,4,ElectricOrgan,100.0,2,3,PalItem_ToSell_01,100.0,3,5,Accessory_ThunderResist_2,3.0,1,1
BOSS_LilyQueen000,BOSS_LilyQueen,0,PalCrystal_Ex,100.0,4,6,Herbs,100.0,3,3,Poppy,100.0,1,2,PalItem_ToSell_03,100.0,4,6,Accessory_LeafResist_3,1.0,1,1
BOSS_LilyQueen_Dark000,BOSS_LilyQueen_Dark,0,PalCrystal_Ex,100.0,5,7,Herbs,100.0,3,3,Poppy,100.0,2,3,PalItem_ToSell_03,100.0,5,7,Blueprint_IronArmorCold_5,3.0,1,1
BOSS_LittleBriarRose000,BOSS_LittleBriarRose,0,PalCrystal_Ex,100.0,2,4,WheatSeeds,100.0,1,2,LettuceSeeds,50.0,1,1,PalItem_ToSell_03,100.0,2,4,Accessory_LeafResist_1,5.0,1,1
BOSS_LizardMan000,BOSS_LizardMan,0,PalCrystal_Ex,100.0,1,2,TreasureBoxKey01,100.0,1,1,TreasureBoxKey02,2.0,1,1,TreasureBoxKey03,1.0,1,1,Accessory_DarkResist_1,5.0,1,1
BOSS_LizardMan_Fire000,BOSS_LizardMan_Fire,0,PalCrystal_Ex,100.0,1,2,FireOrgan,100.0,1,2,TreasureBoxKey02,2.0,1,1,TreasureBoxKey03,1.0,1,1,Accessory_FireResist_1,5.0,1,1
BOSS_Male_DarkTrader01000,BOSS_Male_DarkTrader01,0,Money,100.0,10000,15000,TreasureBoxKey03,100.0,1,1,None,0.0,0,0,None,0.0,0,0,None,0.0,0,0
BOSS_Male_Scientist01_LaserRifle000,BOSS_Male_Scientist01_LaserRifle,0,Money,100.0,200,400,TreasureBoxKey02,3.0,1,1,None,0.0,0,0,None,0.0,0,0,None,0.0,0,0
BOSS_Male_People02000,BOSS_Male_People02,0,Pan,100.0,1,2,Money,40.0,10,100,None,0.0,0,0,None,0.0,0,0,None,0.0,0,0
BOSS_Male_People03000,BOSS_Male_People03,0,Pan,100.0,1,2,Money,40.0,10,100,None,0.0,0,0,None,0.0,0,0,None,0.0,0,0
BOSS_Manticore000,BOSS_Manticore,0,PalCrystal_Ex,100.0,4,6,FireOrgan,100.0,3,5,None,0.0,0,0,PalItem_ToSell_04,100.0,4,6,Accessory_FireResist_2,3.0,1,1
BOSS_Manticore_Dark000,BOSS_Manticore_Dark,0,PalCrystal_Ex,100.0,4,6,FireOrgan,100.0,2,4,None,0.0,0,0,PalItem_ToSell_04,100.0,4,6,Accessory_DarkResist_2,3.0,1,1
BOSS_MobuCitizen000,BOSS_MobuCitizen,0,Pan,40.0,1,2,Money,40.0,1,10,None,0.0,0,0,None,0.0,0,0,None,0.0,0,0
BOSS_MobuCitizen_Male000,BOSS_MobuCitizen_Male,0,Pan,100.0,1,2,Money,40.0,10,100,None,0.0,0,0,None,0.0,0,0,None,0.0,0,0
BOSS_MobuVillager000,BOSS_MobuVillager,0,Pan,40.0,1,2,Money,40.0,1,10,None,0.0,0,0,None,0.0,0,0,None,0.0,0,0
BOSS_Monkey000,BOSS_Monkey,0,PalCrystal_Ex,100.0,1,2,Mushroom,100.0,1,1,None,0.0,0,0,PalItem_ToSell_04,100.0,1,2,Accessory_LeafResist_1,5.0,1,1
BOSS_MopBaby000,BOSS_MopBaby,0,PalCrystal_Ex,100.0,5,7,Wool,100.0,1,1,None,0.0,0,0,PalItem_ToSell_05,100.0,5,7,Accessory_IceResist_1,5.0,1,1
BOSS_MopKing000,BOSS_MopKing,0,PalCrystal_Ex,100.0,6,8,Wool,100.0,3,5,None,0.0,0,0,PalItem_ToSell_05,100.0,6,8,Accessory_IceResist_2,3.0,1,1
BOSS_Mutant000,BOSS_Mutant,0,PalCrystal_Ex,100.0,6,8,Pal_crystal_S,100.0,2,3,None,0.0,0,0,PalItem_ToSell_03,100.0,6,8,Accessory_NormalResist_1,5.0,1,1
BOSS_NaughtyCat000,BOSS_NaughtyCat,0,PalCrystal_Ex,100.0,2,4,PalOil,100.0,1,3,None,0.0,0,0,PalItem_ToSell_05,100.0,2,4,Accessory_NormalResist_1,5.0,1,1
BOSS_NegativeKoala000,BOSS_NegativeKoala,0,PalCrystal_Ex,100.0,1,2,Venom,100.0,2,3,None,0.0,0,0,PalItem_ToSell_05,100.0,1,2,Accessory_DarkResist_1,5.0,1,1
BOSS_NegativeOctopus000,BOSS_NegativeOctopus,0,PalCrystal_Ex,100.0,1,2,Venom,100.0,2,4,None,0.0,0,0,PalItem_ToSell_05,100.0,1,2,Accessory_DarkResist_1,5.0,1,1
BOSS_NightFox000,BOSS_NightFox,0,PalCrystal_Ex,100.0,2,3,Leather,100.0,1,1,PalUpgradeStone,40.0,1,1,PalItem_ToSell_05,100.0,2,3,Accessory_NormalResist_1,5.0,1,1
BOSS_PalDealer000,BOSS_PalDealer,0,PalSphere,40.0,1,2,Money,40.0,1,10,None,0.0,0,0,None,0.0,0,0,None,0.0,0,0
BOSS_PalTrader000,BOSS_PalTrader,0,PalSphere,40.0,1,2,Money,40.0,1,10,None,0.0,0,0,None,0.0,0,0,None,0.0,0,0
BOSS_Penguin000,BOSS_Penguin,0,PalCrystal_Ex,100.0,1,2,IceOrgan,100.0,1,2,PalFluid,100.0,1,1,PalItem_ToSell_05,100.0,1,2,Accessory_AquaResist_1,5.0,1,1
BOSS_PlantSlime000,BOSS_PlantSlime,0,PalCrystal_Ex,100.0,1,1,BerrySeeds,100.0,1,1,PalItem_PlantSlime,50.0,1,1,PalItem_ToSell_03,100.0,2,2,Accessory_EarthResist_1,5.0,1,1
BOSS_PlantSlime_Flower000,BOSS_PlantSlime_Flower,0,PalCrystal_Ex,100.0,1,1,Poppy,100.0,1,1,Poppy,100.0,3,3,PalItem_ToSell_03,100.0,2,2,Accessory_EarthResist_1,5.0,1,1
BOSS_PinkCat000,BOSS_PinkCat,0,PalCrystal_Ex,100.0,1,2,Berries,100.0,1,1,None,0.0,0,0,PalItem_ToSell_04,100.0,1,2,Accessory_NormalResist_1,5.0,1,1
BOSS_PinkLizard000,BOSS_PinkLizard,0,PalCrystal_Ex,100.0,2,4,Mushroom,100.0,2,4,Cake,1.0,1,1,PalItem_ToSell_05,100.0,2,4,Accessory_NormalResist_2,3.0,1,1
BOSS_PinkRabbit000,BOSS_PinkRabbit,0,PalCrystal_Ex,100.0,1,2,Leather,100.0,1,1,Poppy,5.0,1,1,PalItem_ToSell_05,100.0,1,2,Accessory_NormalResist_1,5.0,1,1
BOSS_Police_Handgun000,BOSS_Police_Handgun,0,PalSphere,40.0,1,2,Money,40.0,1,10,None,0.0,0,0,HandgunBullet,0.0,0,0,None,0.0,0,0
BOSS_Police_Rifle000,BOSS_Police_Rifle,0,PalSphere,40.0,1,2,Money,40.0,1,10,None,0.0,0,0,AssaultRifleBullet,0.0,0,0,None,0.0,0,0
BOSS_Police_Shotgun000,BOSS_Police_Shotgun,0,PalSphere,40.0,1,2,Money,40.0,1,10,None,0.0,0,0,ShotgunBullet,0.0,0,0,None,0.0,0,0
BOSS_QueenBee000,BOSS_QueenBee,0,PalCrystal_Ex,100.0,2,4,Honey,100.0,5,5,None,0.0,0,0,PalItem_ToSell_02,100.0,2,4,Blueprint_CopperArmor_5,3.0,1,1
BOSS_QuestMan000,BOSS_QuestMan,0,PalSphere,40.0,1,2,Money,40.0,1,10,None,0.0,0,0,None,0.0,0,0,None,0.0,0,0
BOSS_RaijinDaughter000,BOSS_RaijinDaughter,0,PalCrystal_Ex,100.0,1,2,ElectricOrgan,100.0,1,1,None,0.0,0,0,PalItem_ToSell_05,100.0,1,2,Accessory_ThunderResist_2,3.0,1,1
BOSS_RedArmorBird000,BOSS_RedArmorBird,0,PalCrystal_Ex,100.0,4,6,FireOrgan,100.0,5,7,None,0.0,0,0,PalItem_ToSell_02,100.0,4,6,Accessory_FireResist_2,3.0,1,1
BOSS_Robbery_Leader000,BOSS_Robbery_Leader,0,PalSphere,40.0,1,2,Money,40.0,1,10,None,0.0,0,0,None,0.0,0,0,None,0.0,0,0
BOSS_Robbery_Minion000,BOSS_Robbery_Minion,0,PalSphere,40.0,1,2,Money,40.0,1,10,None,0.0,0,0,None,0.0,0,0,None,0.0,0,0
BOSS_RobinHood000,BOSS_RobinHood,0,PalCrystal_Ex,100.0,2,4,WheatSeeds,50.0,1,2,Arrow,100.0,2,4,PalItem_ToSell_03,100.0,2,4,Accessory_LeafResist_1,5.0,1,1
BOSS_RobinHood_Ground000,BOSS_RobinHood_Ground,0,PalCrystal_Ex,100.0,2,4,WheatSeeds,50.0,1,2,Arrow,100.0,2,4,PalItem_ToSell_03,100.0,2,4,Accessory_EarthResist_1,5.0,1,1
BOSS_Ronin000,BOSS_Ronin,0,PalCrystal_Ex,100.0,2,4,Bone,100.0,1,2,CopperIngot,100.0,2,3,PalItem_ToSell_03,100.0,2,4,Blueprint_BowGun_5,3.0,1,1
BOSS_SaintCentaur000,BOSS_SaintCentaur,0,PalCrystal_Ex,100.0,4,6,StealIngot,100.0,10,10,Diamond,100.0,1,1,PalItem_ToSell_03,100.0,4,6,Blueprint_StealArmorCold_5,3.0,1,1
BOSS_SakuraSaurus000,BOSS_SakuraSaurus,0,PalCrystal_Ex,100.0,1,3,Meat_SakuraSaurus,100.0,2,2,TomatoSeeds,50.0,1,2,PalItem_ToSell_01,100.0,1,3,Accessory_LeafResist_2,3.0,1,1
BOSS_SakuraSaurus_Water000,BOSS_SakuraSaurus_Water,0,PalCrystal_Ex,100.0,2,4,Meat_SakuraSaurus,100.0,2,2,LettuceSeeds,50.0,1,2,PalItem_ToSell_01,100.0,2,4,Accessory_AquaResist_2,3.0,1,1
BOSS_SalesPerson000,BOSS_SalesPerson,0,PalSphere,40.0,1,2,Money,40.0,1,10,None,0.0,0,0,None,0.0,0,0,None,0.0,0,0
BOSS_Scientist_FlameThrower000,BOSS_Scientist_FlameThrower,0,Money,100.0,200,400,TreasureBoxKey02,2.0,1,1,None,0.0,0,0,None,0.0,0,0,None,0.0,0,0
BOSS_Serpent000,BOSS_Serpent,0,PalCrystal_Ex,100.0,1,2,PalFluid,100.0,1,2,None,0.0,0,0,PalItem_ToSell_03,100.0,1,2,Accessory_AquaResist_2,3.0,1,1
BOSS_Serpent_Ground000,BOSS_Serpent_Ground,0,PalCrystal_Ex,100.0,2,3,PalFluid,100.0,1,2,None,0.0,0,0,PalItem_ToSell_03,100.0,2,3,Accessory_EarthResist_2,3.0,1,1
BOSS_SharkKid000,BOSS_SharkKid,0,PalCrystal_Ex,100.0,2,4,PalFluid,100.0,1,1,None,0.0,0,0,PalItem_ToSell_04,100.0,2,4,Accessory_AquaResist_1,5.0,1,1
BOSS_SharkKid_Fire000,BOSS_SharkKid_Fire,0,PalCrystal_Ex,100.0,2,4,FireOrgan,100.0,1,1,None,0.0,0,0,PalItem_ToSell_04,100.0,2,4,Accessory_FireResist_1,5.0,1,1
BOSS_SheepBall000,BOSS_SheepBall,0,PalCrystal_Ex,100.0,1,2,Wool,100.0,1,3,Meat_SheepBall,100.0,1,1,PalItem_ToSell_05,100.0,1,2,Accessory_NormalResist_1,5.0,1,1
BOSS_SkyDragon000,BOSS_SkyDragon,0,PalCrystal_Ex,100.0,2,4,PalOil,100.0,3,3,None,0.0,0,0,PalItem_ToSell_02,100.0,2,4,Accessory_DragonResist_2,3.0,1,1
BOSS_SoldierBee000,BOSS_SoldierBee,0,PalCrystal_Ex,100.0,2,4,Honey,100.0,1,2,None,0.0,0,0,PalItem_ToSell_02,100.0,2,4,Accessory_LeafResist_2,3.0,1,1
BOSS_Suzaku000,BOSS_Suzaku,0,PalCrystal_Ex,100.0,4,6,FireOrgan,100.0,5,10,None,0.0,0,0,PalItem_ToSell_02,100.0,4,6,Blueprint_PumpActionShotgun_5,3.0,1,1
BOSS_Suzaku_Water000,BOSS_Suzaku_Water,0,PalCrystal_Ex,100.0,5,7,PalFluid,100.0,5,5,None,0.0,0,0,PalItem_ToSell_02,100.0,5,7,Accessory_AquaResist_3,1.0,1,1
BOSS_SweetsSheep000,BOSS_SweetsSheep,0,PalCrystal_Ex,100.0,1,2,Sweet,100.0,1,2,PalOil,100.0,1,1,PalItem_ToSell_05,100.0,1,2,Accessory_NormalResist_1,5.0,1,1
BOSS_TestAssassin000,BOSS_TestAssassin,0,PalSphere,40.0,1,2,Money,40.0,1,10,None,0.0,0,0,None,0.0,0,0,None,0.0,0,0
BOSS_TestNPC000,BOSS_TestNPC,0,PalSphere,40.0,1,2,Money,40.0,1,10,None,0.0,0,0,None,0.0,0,0,None,0.0,0,0
BOSS_ThunderDog000,BOSS_ThunderDog,0,PalCrystal_Ex,100.0,4,6,ElectricOrgan,100.0,1,2,None,0.0,0,0,PalItem_ToSell_02,100.0,4,6,Accessory_ThunderResist_2,3.0,1,1
BOSS_ThunderBird000,BOSS_ThunderBird,0,PalCrystal_Ex,100.0,4,6,ElectricOrgan,100.0,1,2,None,0.0,0,0,PalItem_ToSell_02,100.0,4,6,Blueprint_HandGun_Default_5,3.0,1,1
BOSS_ThunderDragonMan000,BOSS_ThunderDragonMan,0,PalCrystal_Ex,100.0,4,6,ElectricOrgan,100.0,1,2,None,0.0,0,0,PalItem_ToSell_01,100.0,4,6,Accessory_ThunderResist_3,1.0,1,1
BOSS_Umihebi000,BOSS_Umihebi,0,PalCrystal_Ex,100.0,1,3,PalFluid,100.0,2,4,None,0.0,0,0,PalItem_ToSell_01,100.0,1,3,Accessory_AquaResist_3,1.0,1,1
BOSS_Umihebi_Fire000,BOSS_Umihebi_Fire,0,PalCrystal_Ex,100.0,1,3,PalOil,100.0,2,3,FireOrgan,100.0,2,3,PalItem_ToSell_01,100.0,1,3,Accessory_FireResist_3,1.0,1,1
BOSS_VioletFairy000,BOSS_VioletFairy,0,PalCrystal_Ex,100.0,1,3,Herbs,100.0,2,2,TomatoSeeds,50.0,1,1,PalItem_ToSell_03,100.0,1,3,Accessory_LeafResist_2,3.0,1,1
BOSS_VisitingMerchant000,BOSS_VisitingMerchant,0,PalSphere,40.0,1,2,Money,40.0,1,10,None,0.0,0,0,None,0.0,0,0,None,0.0,0,0
BOSS_VolcanicMonster000,BOSS_VolcanicMonster,0,PalCrystal_Ex,100.0,3,5,FireOrgan,100.0,5,7,None,0.0,0,0,PalItem_ToSell_03,100.0,3,5,Accessory_FireResist_2,3.0,1,1
BOSS_VolcanicMonster_Ice000,BOSS_VolcanicMonster_Ice,0,PalCrystal_Ex,100.0,3,5,IceOrgan,100.0,3,4,None,0.0,0,0,PalItem_ToSell_03,100.0,3,5,Accessory_IceResist_2,3.0,1,1
BOSS_WeaponsDealer000,BOSS_WeaponsDealer,0,PalSphere,40.0,1,2,Money,40.0,1,10,None,0.0,0,0,None,0.0,0,0,None,0.0,0,0
BOSS_WeaselDragon000,BOSS_WeaselDragon,0,PalCrystal_Ex,100.0,2,4,Leather,100.0,2,3,None,0.0,0,0,PalItem_ToSell_05,100.0,2,4,Blueprint_ClothArmor_5,3.0,1,1
BOSS_Werewolf000,BOSS_Werewolf,0,PalCrystal_Ex,100.0,1,3,Bone,100.0,1,1,None,0.0,0,0,PalItem_ToSell_04,100.0,1,3,Accessory_DarkResist_1,5.0,1,1
BOSS_WhiteMoth000,BOSS_WhiteMoth,0,PalCrystal_Ex,100.0,6,8,Cloth2,100.0,1,1,IceOrgan,100.0,2,3,PalItem_ToSell_05,100.0,6,8,Accessory_IceResist_2,3.0,1,1
BOSS_WhiteTiger000,BOSS_WhiteTiger,0,PalCrystal_Ex,100.0,6,8,IceOrgan,100.0,1,3,None,0.0,0,0,PalItem_ToSell_04,100.0,6,8,Accessory_IceResist_2,3.0,1,1
BOSS_WindChimes000,BOSS_WindChimes,0,PalCrystal_Ex,100.0,2,3,Fiber,100.0,5,10,None,0.0,0,0,PalItem_ToSell_05,100.0,2,3,Accessory_EarthResist_1,5.0,1,1
BOSS_WindChimes_Ice000,BOSS_WindChimes_Ice,0,PalCrystal_Ex,100.0,2,3,Fiber,100.0,5,10,IceOrgan,100.0,1,1,PalItem_ToSell_05,100.0,2,3,Accessory_IceResist_1,5.0,1,1
BOSS_WizardOwl000,BOSS_WizardOwl,0,PalCrystal_Ex,100.0,1,3,Fiber,100.0,5,10,TechnologyBook_G1,1.0,1,1,PalItem_ToSell_02,100.0,1,3,Accessory_DarkResist_1,5.0,1,1
BOSS_Yeti000,BOSS_Yeti,0,PalCrystal_Ex,100.0,6,8,IceOrgan,100.0,2,3,Poppy,20.0,1,1,PalItem_ToSell_05,100.0,6,8,Accessory_IceResist_2,3.0,1,1
BOSS_Yeti_Grass000,BOSS_Yeti_Grass,0,PalCrystal_Ex,100.0,6,8,LettuceSeeds,100.0,1,1,TomatoSeeds,100.0,1,1,PalItem_ToSell_05,100.0,6,8,Accessory_LeafResist_2,3.0,1,1
BOSS_SifuDog000,BOSS_SifuDog,0,PalCrystal_Ex,100.0,2,3,Bone,100.0,1,1,None,0.0,0,0,PalItem_ToSell_05,100.0,2,3,Accessory_NormalResist_2,3.0,1,1
BOSS_TentacleTurtle000,BOSS_TentacleTurtle,0,PalCrystal_Ex,100.0,2,3,PalFluid,100.0,1,2,None,0.0,0,0,PalItem_ToSell_04,100.0,2,3,Accessory_AquaResist_2,3.0,1,1
BOSS_GoldenHorse000,BOSS_GoldenHorse,0,PalCrystal_Ex,100.0,4,6,Leather,100.0,2,3,None,0.0,0,0,PalItem_ToSell_05,100.0,4,6,Accessory_EarthResist_2,3.0,1,1
BOSS_BadCatgirl000,BOSS_BadCatgirl,0,PalCrystal_Ex,100.0,2,3,Leather,100.0,1,1,None,0.0,0,0,PalItem_ToSell_05,100.0,2,3,Accessory_DarkResist_2,3.0,1,1
BOSS_BrownRabbit000,BOSS_BrownRabbit,0,PalCrystal_Ex,100.0,2,3,Leather,100.0,1,1,None,0.0,0,0,PalItem_ToSell_04,100.0,2,3,Accessory_EarthResist_2,3.0,1,1
BOSS_FeatherOstrich000,BOSS_FeatherOstrich,0,PalCrystal_Ex,100.0,2,3,Bone,100.0,1,1,None,0.0,0,0,PalItem_ToSell_02,100.0,2,3,Accessory_EarthResist_2,3.0,1,1
BOSS_WingGolem000,BOSS_WingGolem,0,PalCrystal_Ex,100.0,4,6,CopperOre,100.0,2,3,None,0.0,0,0,PalItem_ToSell_03,100.0,4,6,Accessory_EarthResist_2,3.0,1,1
BOSS_ScorpionMan000,BOSS_ScorpionMan,0,PalCrystal_Ex,100.0,2,3,Venom,100.0,4,5,None,0.0,0,0,PalItem_ToSell_04,100.0,2,3,Accessory_DarkResist_2,3.0,1,1
BOSS_BlueberryFairy000,BOSS_BlueberryFairy,0,PalCrystal_Ex,100.0,2,3,Herbs,100.0,1,3,None,0.0,0,0,PalItem_ToSell_03,100.0,2,3,Accessory_LeafResist_2,3.0,1,1
BOSS_WoolFox000,BOSS_WoolFox,0,PalCrystal_Ex,100.0,1,2,Wool,100.0,1,2,None,0.0,0,0,PalItem_ToSell_05,100.0,1,2,Accessory_NormalResist_1,5.0,1,1
BOSS_LazyCatfish000,BOSS_LazyCatfish,0,PalCrystal_Ex,100.0,4,6,Meat_LazyCatfish,100.0,2,2,PalOil,100.0,1,1,PalItem_ToSell_03,100.0,4,6,Accessory_EarthResist_2,3.0,1,1
BOSS_LavaGirl000,BOSS_LavaGirl,0,PalCrystal_Ex,100.0,1,3,FireOrgan,100.0,2,3,PalOil,100.0,1,1,PalItem_ToSell_03,100.0,1,3,Accessory_EarthResist_1,5.0,1,1
BOSS_FlameBambi000,BOSS_FlameBambi,0,PalCrystal_Ex,100.0,1,3,FireOrgan,100.0,2,3,Leather,100.0,1,1,PalItem_ToSell_05,100.0,1,3,Accessory_EarthResist_1,5.0,1,1
Hunter_Grenade000,Hunter_Grenade,0,PalSphere,40.0,1,2,Money,40.0,50,150,TreasureBoxKey01,1.0,1,1,FragGrenade,10.0,1,1,None,0.0,0,0
Hunter_FlameThrower000,Hunter_FlameThrower,0,PalSphere_Mega,40.0,1,2,Money,40.0,50,200,TreasureBoxKey01,1.0,1,1,FireOrgan,50.0,1,1,None,0.0,0,0
Hunter_Fat_GatlingGun000,Hunter_Fat_GatlingGun,0,PalSphere_Giga,40.0,1,2,Money,40.0,100,300,TreasureBoxKey01,1.0,1,1,RoughBullet,100.0,2,3,None,0.0,0,0
Hunter_Rifle_Invader000,Hunter_Rifle_Invader,0,PalSphere_Mega,100.0,1,2,Money,100.0,50,200,TreasureBoxKey01,1.0,1,1,AssaultRifleBullet,100.0,3,3,PalUpgradeStone,30.0,1,1
Hunter_Handgun_Invader000,Hunter_Handgun_Invader,0,PalSphere,100.0,1,2,Money,100.0,30,150,TreasureBoxKey01,1.0,1,1,RoughBullet,100.0,5,5,PalUpgradeStone,30.0,1,1
Hunter_Shotgun_Invader000,Hunter_Shotgun_Invader,0,PalSphere_giga,100.0,1,2,Money,100.0,50,200,TreasureBoxKey01,1.0,1,1,ShotgunBullet,100.0,3,3,PalUpgradeStone,30.0,1,1
Hunter_RocketLauncher_Invader000,Hunter_RocketLauncher_Invader,0,PalSphere_Giga,100.0,1,2,Money,100.0,100,300,TreasureBoxKey01,1.0,1,1,ExplosiveBullet,100.0,1,1,PalUpgradeStone2,30.0,1,1
Hunter_Bat_Invader000,Hunter_Bat_Invader,0,PalSphere,100.0,1,2,Money,100.0,10,100,TreasureBoxKey01,1.0,1,1,Pan,100.0,1,1,PalUpgradeStone,30.0,1,1
Hunter_Grenade_Invader000,Hunter_Grenade_Invader,0,PalSphere,100.0,1,2,Money,100.0,50,150,TreasureBoxKey01,1.0,1,1,FragGrenade,100.0,1,1,PalUpgradeStone,30.0,1,1
Hunter_FlameThrower_Invader000,Hunter_FlameThrower_Invader,0,PalSphere_Mega,100.0,1,2,Money,100.0,50,200,TreasureBoxKey01,1.0,1,1,FireOrgan,100.0,1,1,PalUpgradeStone2,30.0,1,1
Hunter_Fat_GatlingGun_Invader000,Hunter_Fat_GatlingGun_Invader,0,PalSphere_Giga,100.0,1,2,Money,100.0,100,300,TreasureBoxKey01,1.0,1,1,RoughBullet,100.0,10,10,PalUpgradeStone2,30.0,1,1
Believer_Bat_Invader000,Believer_Bat_Invader,0,Money,100.0,100,150,TreasureBoxKey01,1.0,1,1,Medicines,30.0,1,1,ChickenSaute,2.0,1,1,PalUpgradeStone2,30.0,1,1
Believer_CrossBow_Invader000,Believer_CrossBow_Invader,0,Money,100.0,100,150,TreasureBoxKey01,1.0,1,1,Medicines,30.0,1,1,GrilledSheepHerbs,2.0,1,1,PalUpgradeStone2,30.0,1,1
FireCult_Rifle_Invader000,FireCult_Rifle_Invader,0,FireOrgan,100.0,1,2,Money,100.0,100,150,AssaultRifleBullet,100.0,5,5,None,0.0,0,0,PalUpgradeStone2,30.0,1,1
FireCult_FlameThrower_Invader000,FireCult_FlameThrower_Invader,0,FireOrgan,100.0,2,3,Money,100.0,100,150,None,0.0,0,0,None,0.0,0,0,PalUpgradeStone2,30.0,1,1
Male_Scientist01_LaserRifle_Invader000,Male_Scientist01_LaserRifle_Invader,0,Money,100.0,200,400,TreasureBoxKey02,3.0,1,1,LuxuryMedicines,10.0,1,1,None,0.0,0,0,PalUpgradeStone3,30.0,1,1
Scientist_FlameThrower_Invader000,Scientist_FlameThrower_Invader,0,Money,100.0,200,400,TreasureBoxKey02,2.0,1,1,LuxuryMedicines,10.0,1,1,None,0.0,0,0,PalUpgradeStone3,30.0,1,1
