Row_number,FieldName,SlotNo,WeightInSlot,StaticItemId,MinNum,MaxNum,NumUnit,TreasureBoxGrade
1,Grass01,1,50.0,PalUpgradeStone,1,2,1,EPalMapObjectTreasureGradeType::Grade1
2,Grass01,1,20.0,TreasureBoxKey01,1,1,1,EPalMapObjectTreasureGradeType::Grade1
3,Grass01,1,20.0,PalSphere_Mega,1,1,1,EPalMapObjectTreasureGradeType::Grade3
4,Grass01,1,10.0,Herbs,1,1,1,EPalMapObjectTreasureGradeType::Grade1
5,Grass01,1,2.0,Medicines,1,1,1,EPalMapObjectTreasureGradeType::Grade3
6,Grass01,1,30.0,Money,300,500,10,EPalMapObjectTreasureGradeType::Grade3
7,Grass01,1,5.0,Blueprint_WeakerBow_2,1,1,1,EPalMapObjectTreasureGradeType::Grade2
8,Grass01,1,1.0,Blueprint_WeakerBow_3,1,1,1,EPalMapObjectTreasureGradeType::Grade2
9,Grass01,1,0.2,Blueprint_WeakerBow_4,1,1,1,EPalMapObjectTreasureGradeType::Grade2
10,Grass01,1,0.04,Blueprint_WeakerBow_5,1,1,1,EPalMapObjectTreasureGradeType::Grade2
11,Grass01,1,2.0,Blueprint_FurHelmet_2,1,1,1,EPalMapObjectTreasureGradeType::Grade2
12,Grass01,1,0.4,Blueprint_FurHelmet_3,1,1,1,EPalMapObjectTreasureGradeType::Grade2
13,Grass01,1,0.08,Blueprint_FurHelmet_4,1,1,1,EPalMapObjectTreasureGradeType::Grade2
14,Grass01,1,0.016,Blueprint_FurHelmet_5,1,1,1,EPalMapObjectTreasureGradeType::Grade2
15,Grass01,1,3.0,Blueprint_ClothArmor_2,1,1,1,EPalMapObjectTreasureGradeType::Grade2
16,Grass01,1,0.6,Blueprint_ClothArmor_3,1,1,1,EPalMapObjectTreasureGradeType::Grade2
17,Grass01,1,0.12,Blueprint_ClothArmor_4,1,1,1,EPalMapObjectTreasureGradeType::Grade2
18,Grass01,1,0.024,Blueprint_ClothArmor_5,1,1,1,EPalMapObjectTreasureGradeType::Grade2
19,Grass01,1,1.5,Blueprint_ClothArmorHeat_2,1,1,1,EPalMapObjectTreasureGradeType::Grade2
20,Grass01,1,0.3,Blueprint_ClothArmorHeat_3,1,1,1,EPalMapObjectTreasureGradeType::Grade2
21,Grass01,1,0.06,Blueprint_ClothArmorHeat_4,1,1,1,EPalMapObjectTreasureGradeType::Grade2
22,Grass01,1,0.012,Blueprint_ClothArmorHeat_5,1,1,1,EPalMapObjectTreasureGradeType::Grade2
23,Grass01,1,1.5,Blueprint_ClothArmorCold_2,1,1,1,EPalMapObjectTreasureGradeType::Grade2
24,Grass01,1,0.3,Blueprint_ClothArmorCold_3,1,1,1,EPalMapObjectTreasureGradeType::Grade2
25,Grass01,1,0.06,Blueprint_ClothArmorCold_4,1,1,1,EPalMapObjectTreasureGradeType::Grade2
26,Grass01,1,0.012,Blueprint_ClothArmorCold_5,1,1,1,EPalMapObjectTreasureGradeType::Grade2
27,Grass01,2,100.0,Money,50,99,1,EPalMapObjectTreasureGradeType::Grade1
28,Grass01,3,10.0,Arrow,10,20,1,EPalMapObjectTreasureGradeType::Grade1
29,Grass01,3,10.0,PalSphere,1,3,1,EPalMapObjectTreasureGradeType::Grade1
30,Grass01,3,10.0,Pan,2,3,1,EPalMapObjectTreasureGradeType::Grade1
31,Grass02,1,30.0,TechnologyBook_G1,1,1,1,EPalMapObjectTreasureGradeType::Grade3
32,Grass02,1,5.0,Accessory_HP_1,1,1,1,EPalMapObjectTreasureGradeType::Grade3
33,Grass02,1,5.0,Accessory_AT_1,1,1,1,EPalMapObjectTreasureGradeType::Grade3
34,Grass02,1,5.0,Accessory_defense_1,1,1,1,EPalMapObjectTreasureGradeType::Grade3
35,Grass02,1,5.0,Accessory_WorkSpeed_1,1,1,1,EPalMapObjectTreasureGradeType::Grade3
36,Grass02,1,5.0,Accessory_HeatResist_1,1,1,1,EPalMapObjectTreasureGradeType::Grade3
37,Grass02,1,5.0,Accessory_CoolResist_1,1,1,1,EPalMapObjectTreasureGradeType::Grade3
38,Grass02,1,11.0,Blueprint_BowGun_2,1,1,1,EPalMapObjectTreasureGradeType::Grade3
39,Grass02,1,2.2,Blueprint_BowGun_3,1,1,1,EPalMapObjectTreasureGradeType::Grade3
40,Grass02,1,0.44,Blueprint_BowGun_4,1,1,1,EPalMapObjectTreasureGradeType::Grade3
41,Grass02,1,0.088,Blueprint_BowGun_5,1,1,1,EPalMapObjectTreasureGradeType::Grade3
42,Grass02,1,5.0,Blueprint_FurHelmet_2,1,1,1,EPalMapObjectTreasureGradeType::Grade3
43,Grass02,1,1.0,Blueprint_FurHelmet_3,1,1,1,EPalMapObjectTreasureGradeType::Grade3
44,Grass02,1,0.2,Blueprint_FurHelmet_4,1,1,1,EPalMapObjectTreasureGradeType::Grade3
45,Grass02,1,0.04,Blueprint_FurHelmet_5,1,1,1,EPalMapObjectTreasureGradeType::Grade3
46,Grass02,1,4.0,Blueprint_FurArmor_2,1,1,1,EPalMapObjectTreasureGradeType::Grade3
47,Grass02,1,0.8,Blueprint_FurArmor_3,1,1,1,EPalMapObjectTreasureGradeType::Grade3
48,Grass02,1,0.16,Blueprint_FurArmor_4,1,1,1,EPalMapObjectTreasureGradeType::Grade3
49,Grass02,1,0.032,Blueprint_FurArmor_5,1,1,1,EPalMapObjectTreasureGradeType::Grade3
50,Grass02,1,2.0,Blueprint_FurArmorHeat_2,1,1,1,EPalMapObjectTreasureGradeType::Grade3
51,Grass02,1,0.4,Blueprint_FurArmorHeat_3,1,1,1,EPalMapObjectTreasureGradeType::Grade3
52,Grass02,1,0.08,Blueprint_FurArmorHeat_4,1,1,1,EPalMapObjectTreasureGradeType::Grade3
53,Grass02,1,0.016,Blueprint_FurArmorHeat_5,1,1,1,EPalMapObjectTreasureGradeType::Grade3
54,Grass02,1,2.0,Blueprint_FurArmorCold_2,1,1,1,EPalMapObjectTreasureGradeType::Grade3
55,Grass02,1,0.4,Blueprint_FurArmorCold_3,1,1,1,EPalMapObjectTreasureGradeType::Grade3
56,Grass02,1,0.08,Blueprint_FurArmorCold_4,1,1,1,EPalMapObjectTreasureGradeType::Grade3
57,Grass02,1,0.016,Blueprint_FurArmorCold_5,1,1,1,EPalMapObjectTreasureGradeType::Grade3
58,Grass02,1,0.77,SkillCard_PowerShot,1,1,1,EPalMapObjectTreasureGradeType::Grade3
59,Grass02,1,0.77,SkillCard_PowerBall,1,1,1,EPalMapObjectTreasureGradeType::Grade3
60,Grass02,1,0.77,SkillCard_AirCanon,1,1,1,EPalMapObjectTreasureGradeType::Grade3
61,Grass02,1,0.77,SkillCard_WindCutter,1,1,1,EPalMapObjectTreasureGradeType::Grade3
62,Grass02,1,0.77,SkillCard_GrassTornado,1,1,1,EPalMapObjectTreasureGradeType::Grade3
63,Grass02,1,0.77,SkillCard_SeedMachinegun,1,1,1,EPalMapObjectTreasureGradeType::Grade3
64,Grass02,1,0.77,SkillCard_SeedMine,1,1,1,EPalMapObjectTreasureGradeType::Grade3
65,Grass02,1,0.77,SkillCard_WaterGun,1,1,1,EPalMapObjectTreasureGradeType::Grade3
66,Grass02,1,0.77,SkillCard_AquaJet,1,1,1,EPalMapObjectTreasureGradeType::Grade3
67,Grass02,1,0.77,SkillCard_BubbleShot,1,1,1,EPalMapObjectTreasureGradeType::Grade3
68,Grass02,1,0.77,SkillCard_FireBlast,1,1,1,EPalMapObjectTreasureGradeType::Grade3
69,Grass02,1,0.77,SkillCard_Flamethrower,1,1,1,EPalMapObjectTreasureGradeType::Grade3
70,Grass02,1,0.77,SkillCard_FlareArrow,1,1,1,EPalMapObjectTreasureGradeType::Grade3
71,Grass02,1,0.77,SkillCard_FireSeed,1,1,1,EPalMapObjectTreasureGradeType::Grade3
72,Grass02,1,0.77,SkillCard_ElecWave,1,1,1,EPalMapObjectTreasureGradeType::Grade3
73,Grass02,1,0.77,SkillCard_LineThunder,1,1,1,EPalMapObjectTreasureGradeType::Grade3
74,Grass02,1,0.77,SkillCard_ThunderFunnel,1,1,1,EPalMapObjectTreasureGradeType::Grade3
75,Grass02,1,0.77,SkillCard_SpreadPulse,1,1,1,EPalMapObjectTreasureGradeType::Grade3
76,Grass02,1,0.77,SkillCard_MudShot,1,1,1,EPalMapObjectTreasureGradeType::Grade3
77,Grass02,1,0.77,SkillCard_SandTornado,1,1,1,EPalMapObjectTreasureGradeType::Grade3
78,Grass02,1,0.77,SkillCard_ThrowRock,1,1,1,EPalMapObjectTreasureGradeType::Grade3
79,Grass02,1,0.77,SkillCard_IceMissile,1,1,1,EPalMapObjectTreasureGradeType::Grade3
80,Grass02,1,0.77,SkillCard_BlizzardLance,1,1,1,EPalMapObjectTreasureGradeType::Grade3
81,Grass02,1,0.77,SkillCard_IceBlade,1,1,1,EPalMapObjectTreasureGradeType::Grade3
82,Grass02,1,0.77,SkillCard_DarkWave,1,1,1,EPalMapObjectTreasureGradeType::Grade3
83,Grass02,1,0.77,SkillCard_ShadowBall,1,1,1,EPalMapObjectTreasureGradeType::Grade3
84,Grass02,1,0.77,SkillCard_PoisonShot,1,1,1,EPalMapObjectTreasureGradeType::Grade3
85,Grass02,1,0.77,SkillCard_GhostFlame,1,1,1,EPalMapObjectTreasureGradeType::Grade3
86,Grass02,1,0.77,SkillCard_DragonWave,1,1,1,EPalMapObjectTreasureGradeType::Grade3
87,Grass02,1,0.77,SkillCard_DragonCanon,1,1,1,EPalMapObjectTreasureGradeType::Grade3
88,Grass02,1,0.77,SkillCard_RootAttack,1,1,1,EPalMapObjectTreasureGradeType::Grade3
89,Grass02,1,0.77,SkillCard_AcidRain,1,1,1,EPalMapObjectTreasureGradeType::Grade3
90,Grass02,1,0.77,SkillCard_FlareTornado,1,1,1,EPalMapObjectTreasureGradeType::Grade3
91,Grass02,1,0.77,SkillCard_LockonLaser,1,1,1,EPalMapObjectTreasureGradeType::Grade3
92,Grass02,1,0.77,SkillCard_ThunderBall,1,1,1,EPalMapObjectTreasureGradeType::Grade3
93,Grass02,1,0.77,SkillCard_ThreeThunder,1,1,1,EPalMapObjectTreasureGradeType::Grade3
94,Grass02,1,0.77,SkillCard_StoneShotGun,1,1,1,EPalMapObjectTreasureGradeType::Grade3
95,Grass02,1,0.77,SkillCard_DragonBreath,1,1,1,EPalMapObjectTreasureGradeType::Grade3
96,Grass02,2,1.0,Ruby,1,1,1,EPalMapObjectTreasureGradeType::Grade1
97,Forest02,1,30.0,TechnologyBook_G1,1,2,1,EPalMapObjectTreasureGradeType::Grade3
98,Forest02,1,5.0,Accessory_HP_1,1,1,1,EPalMapObjectTreasureGradeType::Grade1
99,Forest02,1,5.0,Accessory_AT_1,1,1,1,EPalMapObjectTreasureGradeType::Grade1
100,Forest02,1,5.0,Accessory_defense_1,1,1,1,EPalMapObjectTreasureGradeType::Grade1
101,Forest02,1,5.0,Accessory_WorkSpeed_1,1,1,1,EPalMapObjectTreasureGradeType::Grade1
102,Forest02,1,5.0,Accessory_HeatResist_1,1,1,1,EPalMapObjectTreasureGradeType::Grade1
103,Forest02,1,5.0,Accessory_CoolResist_1,1,1,1,EPalMapObjectTreasureGradeType::Grade1
104,Forest02,1,8.0,Blueprint_HandGun_Default_2,1,1,1,EPalMapObjectTreasureGradeType::Grade3
105,Forest02,1,1.6,Blueprint_HandGun_Default_3,1,1,1,EPalMapObjectTreasureGradeType::Grade3
106,Forest02,1,0.32,Blueprint_HandGun_Default_4,1,1,1,EPalMapObjectTreasureGradeType::Grade3
107,Forest02,1,0.064,Blueprint_HandGun_Default_5,1,1,1,EPalMapObjectTreasureGradeType::Grade3
108,Forest02,1,5.0,Blueprint_CopperHelmet_2,1,1,1,EPalMapObjectTreasureGradeType::Grade3
109,Forest02,1,1.0,Blueprint_CopperHelmet_3,1,1,1,EPalMapObjectTreasureGradeType::Grade3
110,Forest02,1,0.2,Blueprint_CopperHelmet_4,1,1,1,EPalMapObjectTreasureGradeType::Grade3
111,Forest02,1,0.04,Blueprint_CopperHelmet_5,1,1,1,EPalMapObjectTreasureGradeType::Grade3
112,Forest02,1,5.0,Blueprint_CopperArmor_2,1,1,1,EPalMapObjectTreasureGradeType::Grade3
113,Forest02,1,1.0,Blueprint_CopperArmor_3,1,1,1,EPalMapObjectTreasureGradeType::Grade3
114,Forest02,1,0.2,Blueprint_CopperArmor_4,1,1,1,EPalMapObjectTreasureGradeType::Grade3
115,Forest02,1,0.04,Blueprint_CopperArmor_5,1,1,1,EPalMapObjectTreasureGradeType::Grade3
116,Forest02,1,3.0,Blueprint_CopperArmorHeat_2,1,1,1,EPalMapObjectTreasureGradeType::Grade3
117,Forest02,1,0.6,Blueprint_CopperArmorHeat_3,1,1,1,EPalMapObjectTreasureGradeType::Grade3
118,Forest02,1,0.12,Blueprint_CopperArmorHeat_4,1,1,1,EPalMapObjectTreasureGradeType::Grade3
119,Forest02,1,0.024,Blueprint_CopperArmorHeat_5,1,1,1,EPalMapObjectTreasureGradeType::Grade3
120,Forest02,1,3.0,Blueprint_CopperArmorCold_2,1,1,1,EPalMapObjectTreasureGradeType::Grade3
121,Forest02,1,0.6,Blueprint_CopperArmorCold_3,1,1,1,EPalMapObjectTreasureGradeType::Grade3
122,Forest02,1,0.12,Blueprint_CopperArmorCold_4,1,1,1,EPalMapObjectTreasureGradeType::Grade3
123,Forest02,1,0.024,Blueprint_CopperArmorCold_5,1,1,1,EPalMapObjectTreasureGradeType::Grade3
124,Forest02,1,0.77,SkillCard_PowerShot,1,1,1,EPalMapObjectTreasureGradeType::Grade3
125,Forest02,1,0.77,SkillCard_PowerBall,1,1,1,EPalMapObjectTreasureGradeType::Grade3
126,Forest02,1,0.77,SkillCard_AirCanon,1,1,1,EPalMapObjectTreasureGradeType::Grade3
127,Forest02,1,0.77,SkillCard_WindCutter,1,1,1,EPalMapObjectTreasureGradeType::Grade3
128,Forest02,1,0.77,SkillCard_GrassTornado,1,1,1,EPalMapObjectTreasureGradeType::Grade3
129,Forest02,1,0.77,SkillCard_SeedMachinegun,1,1,1,EPalMapObjectTreasureGradeType::Grade3
130,Forest02,1,0.77,SkillCard_SeedMine,1,1,1,EPalMapObjectTreasureGradeType::Grade3
131,Forest02,1,0.77,SkillCard_WaterGun,1,1,1,EPalMapObjectTreasureGradeType::Grade3
132,Forest02,1,0.77,SkillCard_WaterBall,1,1,1,EPalMapObjectTreasureGradeType::Grade3
133,Forest02,1,0.77,SkillCard_AquaJet,1,1,1,EPalMapObjectTreasureGradeType::Grade3
134,Forest02,1,0.77,SkillCard_BubbleShot,1,1,1,EPalMapObjectTreasureGradeType::Grade3
135,Forest02,1,0.77,SkillCard_FireBlast,1,1,1,EPalMapObjectTreasureGradeType::Grade3
136,Forest02,1,0.77,SkillCard_Flamethrower,1,1,1,EPalMapObjectTreasureGradeType::Grade3
137,Forest02,1,0.77,SkillCard_FlareArrow,1,1,1,EPalMapObjectTreasureGradeType::Grade3
138,Forest02,1,0.77,SkillCard_FireSeed,1,1,1,EPalMapObjectTreasureGradeType::Grade3
139,Forest02,1,0.77,SkillCard_ElecWave,1,1,1,EPalMapObjectTreasureGradeType::Grade3
140,Forest02,1,0.77,SkillCard_LineThunder,1,1,1,EPalMapObjectTreasureGradeType::Grade3
141,Forest02,1,0.77,SkillCard_ThunderFunnel,1,1,1,EPalMapObjectTreasureGradeType::Grade3
142,Forest02,1,0.77,SkillCard_SpreadPulse,1,1,1,EPalMapObjectTreasureGradeType::Grade3
143,Forest02,1,0.77,SkillCard_MudShot,1,1,1,EPalMapObjectTreasureGradeType::Grade3
144,Forest02,1,0.77,SkillCard_SandTornado,1,1,1,EPalMapObjectTreasureGradeType::Grade3
145,Forest02,1,0.77,SkillCard_ThrowRock,1,1,1,EPalMapObjectTreasureGradeType::Grade3
146,Forest02,1,0.77,SkillCard_IceMissile,1,1,1,EPalMapObjectTreasureGradeType::Grade3
147,Forest02,1,0.77,SkillCard_BlizzardLance,1,1,1,EPalMapObjectTreasureGradeType::Grade3
148,Forest02,1,0.77,SkillCard_IceBlade,1,1,1,EPalMapObjectTreasureGradeType::Grade3
149,Forest02,1,0.77,SkillCard_DarkWave,1,1,1,EPalMapObjectTreasureGradeType::Grade3
150,Forest02,1,0.77,SkillCard_ShadowBall,1,1,1,EPalMapObjectTreasureGradeType::Grade3
151,Forest02,1,0.77,SkillCard_PoisonShot,1,1,1,EPalMapObjectTreasureGradeType::Grade3
152,Forest02,1,0.77,SkillCard_GhostFlame,1,1,1,EPalMapObjectTreasureGradeType::Grade3
153,Forest02,1,0.77,SkillCard_DragonWave,1,1,1,EPalMapObjectTreasureGradeType::Grade3
154,Forest02,1,0.77,SkillCard_DragonCanon,1,1,1,EPalMapObjectTreasureGradeType::Grade3
155,Forest02,1,0.77,SkillCard_RootAttack,1,1,1,EPalMapObjectTreasureGradeType::Grade3
156,Forest02,1,0.77,SkillCard_AcidRain,1,1,1,EPalMapObjectTreasureGradeType::Grade3
157,Forest02,1,0.77,SkillCard_FlareTornado,1,1,1,EPalMapObjectTreasureGradeType::Grade3
158,Forest02,1,0.77,SkillCard_LockonLaser,1,1,1,EPalMapObjectTreasureGradeType::Grade3
159,Forest02,1,0.77,SkillCard_ThunderBall,1,1,1,EPalMapObjectTreasureGradeType::Grade3
160,Forest02,1,0.77,SkillCard_ThreeThunder,1,1,1,EPalMapObjectTreasureGradeType::Grade3
161,Forest02,1,0.77,SkillCard_StoneShotGun,1,1,1,EPalMapObjectTreasureGradeType::Grade3
162,Forest02,1,0.77,SkillCard_DragonBreath,1,1,1,EPalMapObjectTreasureGradeType::Grade3
163,Forest02,2,1.0,Sapphire,1,1,1,EPalMapObjectTreasureGradeType::Grade1
164,Desert02,1,30.0,TechnologyBook_G2,1,1,1,EPalMapObjectTreasureGradeType::Grade3
165,Desert02,1,5.0,Accessory_HP_2,1,1,1,EPalMapObjectTreasureGradeType::Grade1
166,Desert02,1,5.0,Accessory_AT_2,1,1,1,EPalMapObjectTreasureGradeType::Grade1
167,Desert02,1,5.0,Accessory_defense_2,1,1,1,EPalMapObjectTreasureGradeType::Grade1
168,Desert02,1,5.0,Accessory_WorkSpeed_2,1,1,1,EPalMapObjectTreasureGradeType::Grade1
169,Desert02,1,5.0,Accessory_HeatResist_1,1,1,1,EPalMapObjectTreasureGradeType::Grade1
170,Desert02,1,5.0,Accessory_CoolResist_2,1,1,1,EPalMapObjectTreasureGradeType::Grade1
171,Desert02,1,9.0,Blueprint_PumpActionShotgun_2,1,1,1,EPalMapObjectTreasureGradeType::Grade5
172,Desert02,1,1.8,Blueprint_PumpActionShotgun_3,1,1,1,EPalMapObjectTreasureGradeType::Grade5
173,Desert02,1,0.36,Blueprint_PumpActionShotgun_4,1,1,1,EPalMapObjectTreasureGradeType::Grade5
174,Desert02,1,0.072,Blueprint_PumpActionShotgun_5,1,1,1,EPalMapObjectTreasureGradeType::Grade5
175,Desert02,1,5.0,Blueprint_IronHelmet_2,1,1,1,EPalMapObjectTreasureGradeType::Grade5
176,Desert02,1,1.0,Blueprint_IronHelmet_3,1,1,1,EPalMapObjectTreasureGradeType::Grade5
177,Desert02,1,0.2,Blueprint_IronHelmet_4,1,1,1,EPalMapObjectTreasureGradeType::Grade5
178,Desert02,1,0.04,Blueprint_IronHelmet_5,1,1,1,EPalMapObjectTreasureGradeType::Grade5
179,Desert02,1,5.0,Blueprint_IronArmor_2,1,1,1,EPalMapObjectTreasureGradeType::Grade5
180,Desert02,1,1.0,Blueprint_IronArmor_3,1,1,1,EPalMapObjectTreasureGradeType::Grade5
181,Desert02,1,0.2,Blueprint_IronArmor_4,1,1,1,EPalMapObjectTreasureGradeType::Grade5
182,Desert02,1,0.04,Blueprint_IronArmor_5,1,1,1,EPalMapObjectTreasureGradeType::Grade5
183,Desert02,1,3.0,Blueprint_IronArmorHeat_2,1,1,1,EPalMapObjectTreasureGradeType::Grade5
184,Desert02,1,0.6,Blueprint_IronArmorHeat_3,1,1,1,EPalMapObjectTreasureGradeType::Grade5
185,Desert02,1,0.12,Blueprint_IronArmorHeat_4,1,1,1,EPalMapObjectTreasureGradeType::Grade5
186,Desert02,1,0.024,Blueprint_IronArmorHeat_5,1,1,1,EPalMapObjectTreasureGradeType::Grade5
187,Desert02,1,3.0,Blueprint_IronArmorCold_2,1,1,1,EPalMapObjectTreasureGradeType::Grade5
188,Desert02,1,0.6,Blueprint_IronArmorCold_3,1,1,1,EPalMapObjectTreasureGradeType::Grade5
189,Desert02,1,0.12,Blueprint_IronArmorCold_4,1,1,1,EPalMapObjectTreasureGradeType::Grade5
190,Desert02,1,0.024,Blueprint_IronArmorCold_5,1,1,1,EPalMapObjectTreasureGradeType::Grade5
191,Desert02,1,1.0,SkillCard_HyperBeam,1,1,1,EPalMapObjectTreasureGradeType::Grade3
192,Desert02,1,1.0,SkillCard_PowerBall,1,1,1,EPalMapObjectTreasureGradeType::Grade3
193,Desert02,1,1.0,SkillCard_SelfDestruct,1,1,1,EPalMapObjectTreasureGradeType::Grade3
194,Desert02,1,1.0,SkillCard_SolarBeam,1,1,1,EPalMapObjectTreasureGradeType::Grade3
195,Desert02,1,1.0,SkillCard_GrassTornado,1,1,1,EPalMapObjectTreasureGradeType::Grade3
196,Desert02,1,1.0,SkillCard_RootAttack,1,1,1,EPalMapObjectTreasureGradeType::Grade3
197,Desert02,1,1.0,SkillCard_SeedMine,1,1,1,EPalMapObjectTreasureGradeType::Grade3
198,Desert02,1,1.0,SkillCard_HydroPump,1,1,1,EPalMapObjectTreasureGradeType::Grade3
199,Desert02,1,1.0,SkillCard_WaterBall,1,1,1,EPalMapObjectTreasureGradeType::Grade3
200,Desert02,1,1.0,SkillCard_AcidRain,1,1,1,EPalMapObjectTreasureGradeType::Grade3
201,Desert02,1,1.0,SkillCard_BubbleShot,1,1,1,EPalMapObjectTreasureGradeType::Grade3
202,Desert02,1,1.0,SkillCard_Inferno,1,1,1,EPalMapObjectTreasureGradeType::Grade3
203,Desert02,1,1.0,SkillCard_Flamethrower,1,1,1,EPalMapObjectTreasureGradeType::Grade3
204,Desert02,1,1.0,SkillCard_FlareTornado,1,1,1,EPalMapObjectTreasureGradeType::Grade3
205,Desert02,1,1.0,SkillCard_FireBall,1,1,1,EPalMapObjectTreasureGradeType::Grade3
206,Desert02,1,1.0,SkillCard_Thunderbolt,1,1,1,EPalMapObjectTreasureGradeType::Grade3
207,Desert02,1,1.0,SkillCard_ThreeThunder,1,1,1,EPalMapObjectTreasureGradeType::Grade3
208,Desert02,1,1.0,SkillCard_LockonLaser,1,1,1,EPalMapObjectTreasureGradeType::Grade3
209,Desert02,1,1.0,SkillCard_LightningStrike,1,1,1,EPalMapObjectTreasureGradeType::Grade3
210,Desert02,1,1.0,SkillCard_RockLance,1,1,1,EPalMapObjectTreasureGradeType::Grade3
211,Desert02,1,1.0,SkillCard_SandTornado,1,1,1,EPalMapObjectTreasureGradeType::Grade3
212,Desert02,1,1.0,SkillCard_StoneShotgun,1,1,1,EPalMapObjectTreasureGradeType::Grade3
213,Desert02,1,1.0,SkillCard_IcicleThrow,1,1,1,EPalMapObjectTreasureGradeType::Grade3
214,Desert02,1,1.0,SkillCard_BlizzardLance,1,1,1,EPalMapObjectTreasureGradeType::Grade3
215,Desert02,1,1.0,SkillCard_FrostBreath,1,1,1,EPalMapObjectTreasureGradeType::Grade3
216,Desert02,1,1.0,SkillCard_ShadowBall,1,1,1,EPalMapObjectTreasureGradeType::Grade3
217,Desert02,1,1.0,SkillCard_DarkLaser,1,1,1,EPalMapObjectTreasureGradeType::Grade3
218,Desert02,1,1.0,SkillCard_PoisonShot,1,1,1,EPalMapObjectTreasureGradeType::Grade3
219,Desert02,1,1.0,SkillCard_DragonMeteor,1,1,1,EPalMapObjectTreasureGradeType::Grade3
220,Desert02,1,1.0,SkillCard_DragonWave,1,1,1,EPalMapObjectTreasureGradeType::Grade3
221,Desert02,1,1.0,SkillCard_DragonBreath,1,1,1,EPalMapObjectTreasureGradeType::Grade3
222,Desert02,2,1.0,Eemerald,1,1,1,EPalMapObjectTreasureGradeType::Grade1
223,Volcano02,1,30.0,TechnologyBook_G2,1,2,1,EPalMapObjectTreasureGradeType::Grade3
224,Volcano02,1,5.0,Accessory_HP_2,1,1,1,EPalMapObjectTreasureGradeType::Grade1
225,Volcano02,1,5.0,Accessory_AT_2,1,1,1,EPalMapObjectTreasureGradeType::Grade1
226,Volcano02,1,5.0,Accessory_defense_2,1,1,1,EPalMapObjectTreasureGradeType::Grade1
227,Volcano02,1,5.0,Accessory_WorkSpeed_2,1,1,1,EPalMapObjectTreasureGradeType::Grade1
228,Volcano02,1,5.0,Accessory_HeatResist_1,1,1,1,EPalMapObjectTreasureGradeType::Grade1
229,Volcano02,1,5.0,Accessory_CoolResist_2,1,1,1,EPalMapObjectTreasureGradeType::Grade1
230,Volcano02,1,8.0,Blueprint_AssaultRifle_Default2,1,1,1,EPalMapObjectTreasureGradeType::Grade5
231,Volcano02,1,1.6,Blueprint_AssaultRifle_Default3,1,1,1,EPalMapObjectTreasureGradeType::Grade5
232,Volcano02,1,0.32,Blueprint_AssaultRifle_Default4,1,1,1,EPalMapObjectTreasureGradeType::Grade5
233,Volcano02,1,0.064,Blueprint_AssaultRifle_Default5,1,1,1,EPalMapObjectTreasureGradeType::Grade5
234,Volcano02,1,5.0,Blueprint_IronHelmet_2,1,1,1,EPalMapObjectTreasureGradeType::Grade5
235,Volcano02,1,1.0,Blueprint_IronHelmet_3,1,1,1,EPalMapObjectTreasureGradeType::Grade5
236,Volcano02,1,0.2,Blueprint_IronHelmet_4,1,1,1,EPalMapObjectTreasureGradeType::Grade5
237,Volcano02,1,0.04,Blueprint_IronHelmet_5,1,1,1,EPalMapObjectTreasureGradeType::Grade5
238,Volcano02,1,5.0,Blueprint_IronArmor_2,1,1,1,EPalMapObjectTreasureGradeType::Grade5
239,Volcano02,1,1.0,Blueprint_IronArmor_3,1,1,1,EPalMapObjectTreasureGradeType::Grade5
240,Volcano02,1,0.2,Blueprint_IronArmor_4,1,1,1,EPalMapObjectTreasureGradeType::Grade5
241,Volcano02,1,0.04,Blueprint_IronArmor_5,1,1,1,EPalMapObjectTreasureGradeType::Grade5
242,Volcano02,1,3.0,Blueprint_IronArmorHeat_2,1,1,1,EPalMapObjectTreasureGradeType::Grade5
243,Volcano02,1,0.6,Blueprint_IronArmorHeat_3,1,1,1,EPalMapObjectTreasureGradeType::Grade5
244,Volcano02,1,0.12,Blueprint_IronArmorHeat_4,1,1,1,EPalMapObjectTreasureGradeType::Grade5
245,Volcano02,1,0.024,Blueprint_IronArmorHeat_5,1,1,1,EPalMapObjectTreasureGradeType::Grade5
246,Volcano02,1,3.0,Blueprint_IronArmorCold_2,1,1,1,EPalMapObjectTreasureGradeType::Grade5
247,Volcano02,1,0.6,Blueprint_IronArmorCold_3,1,1,1,EPalMapObjectTreasureGradeType::Grade5
248,Volcano02,1,0.12,Blueprint_IronArmorCold_4,1,1,1,EPalMapObjectTreasureGradeType::Grade5
249,Volcano02,1,0.024,Blueprint_IronArmorCold_5,1,1,1,EPalMapObjectTreasureGradeType::Grade5
250,Volcano02,1,1.0,SkillCard_HyperBeam,1,1,1,EPalMapObjectTreasureGradeType::Grade3
251,Volcano02,1,1.0,SkillCard_PowerBall,1,1,1,EPalMapObjectTreasureGradeType::Grade3
252,Volcano02,1,1.0,SkillCard_SelfDestruct,1,1,1,EPalMapObjectTreasureGradeType::Grade3
253,Volcano02,1,1.0,SkillCard_SolarBeam,1,1,1,EPalMapObjectTreasureGradeType::Grade3
254,Volcano02,1,1.0,SkillCard_GrassTornado,1,1,1,EPalMapObjectTreasureGradeType::Grade3
255,Volcano02,1,1.0,SkillCard_RootAttack,1,1,1,EPalMapObjectTreasureGradeType::Grade3
256,Volcano02,1,1.0,SkillCard_SeedMine,1,1,1,EPalMapObjectTreasureGradeType::Grade3
257,Volcano02,1,1.0,SkillCard_HydroPump,1,1,1,EPalMapObjectTreasureGradeType::Grade3
258,Volcano02,1,1.0,SkillCard_WaterBall,1,1,1,EPalMapObjectTreasureGradeType::Grade3
259,Volcano02,1,1.0,SkillCard_AcidRain,1,1,1,EPalMapObjectTreasureGradeType::Grade3
260,Volcano02,1,1.0,SkillCard_BubbleShot,1,1,1,EPalMapObjectTreasureGradeType::Grade3
261,Volcano02,1,1.0,SkillCard_Inferno,1,1,1,EPalMapObjectTreasureGradeType::Grade3
262,Volcano02,1,1.0,SkillCard_Flamethrower,1,1,1,EPalMapObjectTreasureGradeType::Grade3
263,Volcano02,1,1.0,SkillCard_FlareTornado,1,1,1,EPalMapObjectTreasureGradeType::Grade3
264,Volcano02,1,1.0,SkillCard_FireBall,1,1,1,EPalMapObjectTreasureGradeType::Grade3
265,Volcano02,1,1.0,SkillCard_Thunderbolt,1,1,1,EPalMapObjectTreasureGradeType::Grade3
266,Volcano02,1,1.0,SkillCard_ThreeThunder,1,1,1,EPalMapObjectTreasureGradeType::Grade3
267,Volcano02,1,1.0,SkillCard_LockonLaser,1,1,1,EPalMapObjectTreasureGradeType::Grade3
268,Volcano02,1,1.0,SkillCard_LightningStrike,1,1,1,EPalMapObjectTreasureGradeType::Grade3
269,Volcano02,1,1.0,SkillCard_RockLance,1,1,1,EPalMapObjectTreasureGradeType::Grade3
270,Volcano02,1,1.0,SkillCard_SandTornado,1,1,1,EPalMapObjectTreasureGradeType::Grade3
271,Volcano02,1,1.0,SkillCard_StoneShotgun,1,1,1,EPalMapObjectTreasureGradeType::Grade3
272,Volcano02,1,1.0,SkillCard_IcicleThrow,1,1,1,EPalMapObjectTreasureGradeType::Grade3
273,Volcano02,1,1.0,SkillCard_BlizzardLance,1,1,1,EPalMapObjectTreasureGradeType::Grade3
274,Volcano02,1,1.0,SkillCard_FrostBreath,1,1,1,EPalMapObjectTreasureGradeType::Grade3
275,Volcano02,1,1.0,SkillCard_ShadowBall,1,1,1,EPalMapObjectTreasureGradeType::Grade3
276,Volcano02,1,1.0,SkillCard_DarkLaser,1,1,1,EPalMapObjectTreasureGradeType::Grade3
277,Volcano02,1,1.0,SkillCard_PoisonShot,1,1,1,EPalMapObjectTreasureGradeType::Grade3
278,Volcano02,1,1.0,SkillCard_DragonMeteor,1,1,1,EPalMapObjectTreasureGradeType::Grade3
279,Volcano02,1,1.0,SkillCard_DragonWave,1,1,1,EPalMapObjectTreasureGradeType::Grade3
280,Volcano02,1,1.0,SkillCard_DragonBreath,1,1,1,EPalMapObjectTreasureGradeType::Grade3
281,Volcano02,2,1.0,Eemerald,1,2,1,EPalMapObjectTreasureGradeType::Grade1
282,Snow02,1,30.0,TechnologyBook_G3,1,1,1,EPalMapObjectTreasureGradeType::Grade5
283,Snow02,1,5.0,Accessory_HP_3,1,1,1,EPalMapObjectTreasureGradeType::Grade1
284,Snow02,1,5.0,Accessory_AT_3,1,1,1,EPalMapObjectTreasureGradeType::Grade1
285,Snow02,1,5.0,Accessory_defense_3,1,1,1,EPalMapObjectTreasureGradeType::Grade1
286,Snow02,1,5.0,Accessory_WorkSpeed_3,1,1,1,EPalMapObjectTreasureGradeType::Grade1
287,Snow02,1,5.0,Accessory_HeatResist_3,1,1,1,EPalMapObjectTreasureGradeType::Grade1
288,Snow02,1,5.0,Accessory_CoolResist_3,1,1,1,EPalMapObjectTreasureGradeType::Grade1
289,Snow02,1,8.0,Blueprint_Launcher_Default_2,1,1,1,EPalMapObjectTreasureGradeType::Grade5
290,Snow02,1,1.6,Blueprint_Launcher_Default_3,1,1,1,EPalMapObjectTreasureGradeType::Grade5
291,Snow02,1,0.32,Blueprint_Launcher_Default_4,1,1,1,EPalMapObjectTreasureGradeType::Grade5
292,Snow02,1,0.064,Blueprint_Launcher_Default_5,1,1,1,EPalMapObjectTreasureGradeType::Grade5
293,Snow02,1,5.0,Blueprint_StealHelmet_2,1,1,1,EPalMapObjectTreasureGradeType::Grade5
294,Snow02,1,1.0,Blueprint_StealHelmet_3,1,1,1,EPalMapObjectTreasureGradeType::Grade5
295,Snow02,1,0.2,Blueprint_StealHelmet_4,1,1,1,EPalMapObjectTreasureGradeType::Grade5
296,Snow02,1,0.04,Blueprint_StealHelmet_5,1,1,1,EPalMapObjectTreasureGradeType::Grade5
297,Snow02,1,5.0,Blueprint_StealArmor_2,1,1,1,EPalMapObjectTreasureGradeType::Grade5
298,Snow02,1,1.0,Blueprint_StealArmor_3,1,1,1,EPalMapObjectTreasureGradeType::Grade5
299,Snow02,1,0.2,Blueprint_StealArmor_4,1,1,1,EPalMapObjectTreasureGradeType::Grade5
300,Snow02,1,0.04,Blueprint_StealArmor_5,1,1,1,EPalMapObjectTreasureGradeType::Grade5
301,Snow02,1,3.0,Blueprint_StealArmorHeat_2,1,1,1,EPalMapObjectTreasureGradeType::Grade5
302,Snow02,1,0.6,Blueprint_StealArmorHeat_3,1,1,1,EPalMapObjectTreasureGradeType::Grade5
303,Snow02,1,0.12,Blueprint_StealArmorHeat_4,1,1,1,EPalMapObjectTreasureGradeType::Grade5
304,Snow02,1,0.024,Blueprint_StealArmorHeat_5,1,1,1,EPalMapObjectTreasureGradeType::Grade5
305,Snow02,1,3.0,Blueprint_StealArmorCold_2,1,1,1,EPalMapObjectTreasureGradeType::Grade5
306,Snow02,1,0.6,Blueprint_StealArmorCold_3,1,1,1,EPalMapObjectTreasureGradeType::Grade5
307,Snow02,1,0.12,Blueprint_StealArmorCold_4,1,1,1,EPalMapObjectTreasureGradeType::Grade5
308,Snow02,1,0.024,Blueprint_StealArmorCold_5,1,1,1,EPalMapObjectTreasureGradeType::Grade5
309,Snow02,1,1.0,SkillCard_HyperBeam,1,1,1,EPalMapObjectTreasureGradeType::Grade3
310,Snow02,1,1.0,SkillCard_PowerBall,1,1,1,EPalMapObjectTreasureGradeType::Grade3
311,Snow02,1,1.0,SkillCard_SelfDestruct,1,1,1,EPalMapObjectTreasureGradeType::Grade3
312,Snow02,1,1.0,SkillCard_SolarBeam,1,1,1,EPalMapObjectTreasureGradeType::Grade3
313,Snow02,1,1.0,SkillCard_GrassTornado,1,1,1,EPalMapObjectTreasureGradeType::Grade3
314,Snow02,1,1.0,SkillCard_RootAttack,1,1,1,EPalMapObjectTreasureGradeType::Grade3
315,Snow02,1,1.0,SkillCard_SeedMine,1,1,1,EPalMapObjectTreasureGradeType::Grade3
316,Snow02,1,1.0,SkillCard_HydroPump,1,1,1,EPalMapObjectTreasureGradeType::Grade3
317,Snow02,1,1.0,SkillCard_WaterBall,1,1,1,EPalMapObjectTreasureGradeType::Grade3
318,Snow02,1,1.0,SkillCard_AcidRain,1,1,1,EPalMapObjectTreasureGradeType::Grade3
319,Snow02,1,1.0,SkillCard_BubbleShot,1,1,1,EPalMapObjectTreasureGradeType::Grade3
320,Snow02,1,1.0,SkillCard_Inferno,1,1,1,EPalMapObjectTreasureGradeType::Grade3
321,Snow02,1,1.0,SkillCard_Flamethrower,1,1,1,EPalMapObjectTreasureGradeType::Grade3
322,Snow02,1,1.0,SkillCard_FlareTornado,1,1,1,EPalMapObjectTreasureGradeType::Grade3
323,Snow02,1,1.0,SkillCard_FireBall,1,1,1,EPalMapObjectTreasureGradeType::Grade3
324,Snow02,1,1.0,SkillCard_Thunderbolt,1,1,1,EPalMapObjectTreasureGradeType::Grade3
325,Snow02,1,1.0,SkillCard_ThreeThunder,1,1,1,EPalMapObjectTreasureGradeType::Grade3
326,Snow02,1,1.0,SkillCard_LockonLaser,1,1,1,EPalMapObjectTreasureGradeType::Grade3
327,Snow02,1,1.0,SkillCard_LightningStrike,1,1,1,EPalMapObjectTreasureGradeType::Grade3
328,Snow02,1,1.0,SkillCard_RockLance,1,1,1,EPalMapObjectTreasureGradeType::Grade3
329,Snow02,1,1.0,SkillCard_SandTornado,1,1,1,EPalMapObjectTreasureGradeType::Grade3
330,Snow02,1,1.0,SkillCard_StoneShotgun,1,1,1,EPalMapObjectTreasureGradeType::Grade3
331,Snow02,1,1.0,SkillCard_IcicleThrow,1,1,1,EPalMapObjectTreasureGradeType::Grade3
332,Snow02,1,1.0,SkillCard_BlizzardLance,1,1,1,EPalMapObjectTreasureGradeType::Grade3
333,Snow02,1,1.0,SkillCard_FrostBreath,1,1,1,EPalMapObjectTreasureGradeType::Grade3
334,Snow02,1,1.0,SkillCard_ShadowBall,1,1,1,EPalMapObjectTreasureGradeType::Grade3
335,Snow02,1,1.0,SkillCard_DarkLaser,1,1,1,EPalMapObjectTreasureGradeType::Grade3
336,Snow02,1,1.0,SkillCard_PoisonShot,1,1,1,EPalMapObjectTreasureGradeType::Grade3
337,Snow02,1,1.0,SkillCard_DragonMeteor,1,1,1,EPalMapObjectTreasureGradeType::Grade3
338,Snow02,1,1.0,SkillCard_DragonWave,1,1,1,EPalMapObjectTreasureGradeType::Grade3
339,Snow02,1,1.0,SkillCard_DragonBreath,1,1,1,EPalMapObjectTreasureGradeType::Grade3
340,Snow02,2,1.0,Diamond,1,1,1,EPalMapObjectTreasureGradeType::Grade1
341,DevTest01,1,1.0,Wood,1,2,1,EPalMapObjectTreasureGradeType::Grade1
342,DevTest01,1,1.0,CopperOre,1,2,1,EPalMapObjectTreasureGradeType::Grade1
343,DevTest01,1,1.0,Money,1,2,1,EPalMapObjectTreasureGradeType::Grade1
344,Wood,1,1.0,Wood,3,3,1,EPalMapObjectTreasureGradeType::Grade1
345,CopperOre,1,1.0,CopperOre,1,1,1,EPalMapObjectTreasureGradeType::Grade1
346,AssaultRifle_Default1,1,1.0,AssaultRifle_Default1,1,1,1,EPalMapObjectTreasureGradeType::Grade1
347,PalSphere,1,1.0,PalSphere,1,3,1,EPalMapObjectTreasureGradeType::Grade1
348,PalSphere_Mega,1,1.0,PalSphere_Mega,1,3,1,EPalMapObjectTreasureGradeType::Grade1
349,PalSphere_Giga,1,1.0,PalSphere_Giga,1,3,1,EPalMapObjectTreasureGradeType::Grade1
350,PalSphere_Master,1,1.0,PalSphere_Master,1,1,1,EPalMapObjectTreasureGradeType::Grade1
351,PalSphere_Random,1,99.0,PalSphere,1,2,1,EPalMapObjectTreasureGradeType::Grade1
352,PalSphere_Random,1,1.0,PalSphere_Mega,1,1,1,EPalMapObjectTreasureGradeType::Grade1
353,PalSphere_Random,1,0.0,PalSphere_Giga,1,1,1,EPalMapObjectTreasureGradeType::Grade1
354,Arrow,1,1.0,Arrow,3,5,1,EPalMapObjectTreasureGradeType::Grade1
355,Grass01_Drop,1,40.0,PalSphere,1,1,1,EPalMapObjectTreasureGradeType::Grade1
356,Grass01_Drop,1,2.0,PalSphere_Mega,1,1,1,EPalMapObjectTreasureGradeType::Grade1
357,Grass01_Drop,1,0.2,SkillCard_PowerShot,1,1,1,EPalMapObjectTreasureGradeType::Grade1
358,Grass01_Drop,1,0.2,SkillCard_WindCutter,1,1,1,EPalMapObjectTreasureGradeType::Grade1
359,Grass01_Drop,1,0.2,SkillCard_WaterGun,1,1,1,EPalMapObjectTreasureGradeType::Grade1
360,Grass01_Drop,1,0.2,SkillCard_FireBlast,1,1,1,EPalMapObjectTreasureGradeType::Grade1
361,Grass01_Drop,1,0.2,SkillCard_ThunderBall,1,1,1,EPalMapObjectTreasureGradeType::Grade1
362,Grass01_Drop,1,0.2,SkillCard_MudShot,1,1,1,EPalMapObjectTreasureGradeType::Grade1
363,Grass01_Drop,1,0.2,SkillCard_IceMissile,1,1,1,EPalMapObjectTreasureGradeType::Grade1
364,Grass01_Drop,1,0.2,SkillCard_PoisonShot,1,1,1,EPalMapObjectTreasureGradeType::Grade1
365,Grass01_Drop,1,0.2,SkillCard_DragonCanon,1,1,1,EPalMapObjectTreasureGradeType::Grade1
366,Grass01_Drop,1,5.0,Leather,1,1,1,EPalMapObjectTreasureGradeType::Grade1
367,Grass01_Drop,1,5.0,Wool,1,1,1,EPalMapObjectTreasureGradeType::Grade1
368,Grass01_Drop,1,60.0,Pal_crystal_S,1,3,1,EPalMapObjectTreasureGradeType::Grade1
369,Grass01_Drop,1,0.0,Berries,1,2,1,EPalMapObjectTreasureGradeType::Grade1
370,Grass01_Drop,1,3.0,PalUpgradeStone,1,1,1,EPalMapObjectTreasureGradeType::Grade1
371,Grass01_Drop,1,10.0,egg,1,1,1,EPalMapObjectTreasureGradeType::Grade1
372,Treasure_Grass_Grade_01,1,5.0,CopperIngot,1,1,1,EPalMapObjectTreasureGradeType::Grade1
373,Treasure_Grass_Grade_01,1,20.0,Money,20,30,1,EPalMapObjectTreasureGradeType::Grade1
374,Treasure_Grass_Grade_01,1,10.0,Cloth,1,1,1,EPalMapObjectTreasureGradeType::Grade1
375,Treasure_Grass_Grade_01,1,30.0,Arrow,5,10,1,EPalMapObjectTreasureGradeType::Grade1
376,Treasure_Grass_Grade_01,1,20.0,PalUpgradeStone,1,1,1,EPalMapObjectTreasureGradeType::Grade1
377,Treasure_Grass_Grade_01,1,30.0,Pan,3,5,1,EPalMapObjectTreasureGradeType::Grade1
378,Treasure_Grass_Grade_01,1,50.0,PalSphere,3,5,1,EPalMapObjectTreasureGradeType::Grade1
379,Treasure_Grass_Grade_01,1,10.0,PalSphere_Mega,1,1,1,EPalMapObjectTreasureGradeType::Grade1
380,Treasure_Forest_Grade_01,1,5.0,IronIngot,1,1,1,EPalMapObjectTreasureGradeType::Grade1
381,Treasure_Forest_Grade_01,1,30.0,Arrow,10,15,1,EPalMapObjectTreasureGradeType::Grade1
382,Treasure_Forest_Grade_01,1,20.0,PalSphere_Mega,2,3,1,EPalMapObjectTreasureGradeType::Grade1
383,Treasure_Forest_Grade_01,1,2.0,PalSphere_Giga,1,1,1,EPalMapObjectTreasureGradeType::Grade1
384,Treasure_Forest_Grade_01,1,30.0,Pan,5,7,1,EPalMapObjectTreasureGradeType::Grade1
385,Treasure_Forest_Grade_01,1,20.0,PalUpgradeStone,1,2,1,EPalMapObjectTreasureGradeType::Grade1
386,Grass02_Drop,1,30.0,PalSphere_Mega,1,1,1,EPalMapObjectTreasureGradeType::Grade1
387,Grass02_Drop,1,0.0,PalSphere_Giga,1,1,1,EPalMapObjectTreasureGradeType::Grade1
388,Grass02_Drop,1,0.0,Arrow,5,10,1,EPalMapObjectTreasureGradeType::Grade1
389,Grass02_Drop,1,20.0,HandgunBullet,3,8,1,EPalMapObjectTreasureGradeType::Grade1
390,Grass02_Drop,1,0.0,Berries,1,2,1,EPalMapObjectTreasureGradeType::Grade1
391,Grass02_Drop,1,20.0,PalUpgradeStone,1,1,1,EPalMapObjectTreasureGradeType::Grade1
392,Grass02_Drop,1,10.0,egg,1,1,1,EPalMapObjectTreasureGradeType::Grade1
393,Grass02_Drop,1,20.0,Leather,1,1,1,EPalMapObjectTreasureGradeType::Grade1
394,Grass02_Drop,1,50.0,Pal_crystal_S,1,3,1,EPalMapObjectTreasureGradeType::Grade1
395,Volcano_Drop,1,30.0,PalSphere_Mega,1,1,1,EPalMapObjectTreasureGradeType::Grade1
396,Volcano_Drop,1,5.0,FireOrgan,2,3,1,EPalMapObjectTreasureGradeType::Grade1
397,Volcano_Drop,1,20.0,CopperOre,2,4,1,EPalMapObjectTreasureGradeType::Grade1
398,Volcano_Drop,1,20.0,Sulfur,1,3,1,EPalMapObjectTreasureGradeType::Grade1
399,Volcano_Drop,1,20.0,PalUpgradeStone,1,1,1,EPalMapObjectTreasureGradeType::Grade1
400,Volcano_Drop,1,10.0,Leather,1,1,1,EPalMapObjectTreasureGradeType::Grade1
401,Volcano_Drop,1,50.0,Pal_crystal_S,2,7,1,EPalMapObjectTreasureGradeType::Grade1
402,Volcano_Drop,1,10.0,PalUpgradeStone2,1,1,1,EPalMapObjectTreasureGradeType::Grade1
403,Dessert_Drop,1,30.0,PalSphere_Mega,1,1,1,EPalMapObjectTreasureGradeType::Grade1
404,Dessert_Drop,1,20.0,CopperOre,2,4,1,EPalMapObjectTreasureGradeType::Grade1
405,Dessert_Drop,1,20.0,Coal,1,3,1,EPalMapObjectTreasureGradeType::Grade1
406,Dessert_Drop,1,20.0,PalUpgradeStone,1,1,1,EPalMapObjectTreasureGradeType::Grade1
407,Dessert_Drop,1,10.0,Leather,1,1,1,EPalMapObjectTreasureGradeType::Grade1
408,Dessert_Drop,1,50.0,Pal_crystal_S,2,7,1,EPalMapObjectTreasureGradeType::Grade1
409,Dessert_Drop,1,10.0,PalUpgradeStone2,1,1,1,EPalMapObjectTreasureGradeType::Grade1
410,Snow_Drop,1,30.0,PalSphere_Mega,1,1,1,EPalMapObjectTreasureGradeType::Grade1
411,Snow_Drop,1,20.0,CopperOre,2,4,1,EPalMapObjectTreasureGradeType::Grade1
412,Snow_Drop,1,20.0,Coal,1,3,1,EPalMapObjectTreasureGradeType::Grade1
413,Snow_Drop,1,5.0,IceOrgan,1,1,1,EPalMapObjectTreasureGradeType::Grade1
414,Snow_Drop,1,10.0,Leather,1,1,1,EPalMapObjectTreasureGradeType::Grade1
415,Snow_Drop,1,50.0,Pal_crystal_S,2,7,1,EPalMapObjectTreasureGradeType::Grade1
416,Snow_Drop,1,20.0,PalUpgradeStone,1,3,1,EPalMapObjectTreasureGradeType::Grade1
417,Snow_Drop,1,10.0,PalUpgradeStone2,1,1,1,EPalMapObjectTreasureGradeType::Grade1
418,Forest01,1,50.0,PalUpgradeStone,1,3,1,EPalMapObjectTreasureGradeType::Grade1
419,Forest01,1,20.0,TreasureBoxKey02,1,1,1,EPalMapObjectTreasureGradeType::Grade1
420,Forest01,1,20.0,PalSphere_Giga,1,1,1,EPalMapObjectTreasureGradeType::Grade1
421,Forest01,1,5.0,Medicines,1,1,1,EPalMapObjectTreasureGradeType::Grade3
422,Forest01,1,30.0,Money,400,600,10,EPalMapObjectTreasureGradeType::Grade3
423,Forest01,1,5.0,Blueprint_BowGun_2,1,1,1,EPalMapObjectTreasureGradeType::Grade4
424,Forest01,1,1.0,Blueprint_BowGun_3,1,1,1,EPalMapObjectTreasureGradeType::Grade4
425,Forest01,1,0.2,Blueprint_BowGun_4,1,1,1,EPalMapObjectTreasureGradeType::Grade4
426,Forest01,1,0.04,Blueprint_BowGun_5,1,1,1,EPalMapObjectTreasureGradeType::Grade4
427,Forest01,1,2.0,Blueprint_FurHelmet_2,1,1,1,EPalMapObjectTreasureGradeType::Grade4
428,Forest01,1,0.4,Blueprint_FurHelmet_3,1,1,1,EPalMapObjectTreasureGradeType::Grade4
429,Forest01,1,0.08,Blueprint_FurHelmet_4,1,1,1,EPalMapObjectTreasureGradeType::Grade4
430,Forest01,1,0.016,Blueprint_FurHelmet_5,1,1,1,EPalMapObjectTreasureGradeType::Grade4
431,Forest01,1,3.0,Blueprint_FurArmor_2,1,1,1,EPalMapObjectTreasureGradeType::Grade4
432,Forest01,1,0.6,Blueprint_FurArmor_3,1,1,1,EPalMapObjectTreasureGradeType::Grade4
433,Forest01,1,0.12,Blueprint_FurArmor_4,1,1,1,EPalMapObjectTreasureGradeType::Grade4
434,Forest01,1,0.024,Blueprint_FurArmor_5,1,1,1,EPalMapObjectTreasureGradeType::Grade4
435,Forest01,1,1.5,Blueprint_FurArmorHeat_2,1,1,1,EPalMapObjectTreasureGradeType::Grade4
436,Forest01,1,0.3,Blueprint_FurArmorHeat_3,1,1,1,EPalMapObjectTreasureGradeType::Grade4
437,Forest01,1,0.06,Blueprint_FurArmorHeat_4,1,1,1,EPalMapObjectTreasureGradeType::Grade4
438,Forest01,1,0.012,Blueprint_FurArmorHeat_5,1,1,1,EPalMapObjectTreasureGradeType::Grade4
439,Forest01,1,1.5,Blueprint_FurArmorCold_2,1,1,1,EPalMapObjectTreasureGradeType::Grade4
440,Forest01,1,0.3,Blueprint_FurArmorCold_3,1,1,1,EPalMapObjectTreasureGradeType::Grade4
441,Forest01,1,0.06,Blueprint_FurArmorCold_4,1,1,1,EPalMapObjectTreasureGradeType::Grade4
442,Forest01,1,0.012,Blueprint_FurArmorCold_5,1,1,1,EPalMapObjectTreasureGradeType::Grade4
443,Forest01,2,100.0,Money,75,150,1,EPalMapObjectTreasureGradeType::Grade1
444,Forest01,3,10.0,Arrow,3,5,1,EPalMapObjectTreasureGradeType::Grade1
445,Forest01,3,10.0,PalSphere_Mega,1,2,1,EPalMapObjectTreasureGradeType::Grade1
446,Forest01,3,10.0,Pan,2,3,1,EPalMapObjectTreasureGradeType::Grade1
447,Desert01,1,50.0,PalUpgradeStone2,1,2,1,EPalMapObjectTreasureGradeType::Grade1
448,Desert01,1,20.0,TreasureBoxKey02,1,1,1,EPalMapObjectTreasureGradeType::Grade1
449,Desert01,1,25.0,PalSphere_Tera,1,1,1,EPalMapObjectTreasureGradeType::Grade3
450,Desert01,1,5.0,Medicines,1,1,1,EPalMapObjectTreasureGradeType::Grade3
451,Desert01,1,30.0,Money,500,700,10,EPalMapObjectTreasureGradeType::Grade3
452,Desert01,1,5.0,Blueprint_HandGun_Default_2,1,1,1,EPalMapObjectTreasureGradeType::Grade4
453,Desert01,1,1.0,Blueprint_HandGun_Default_3,1,1,1,EPalMapObjectTreasureGradeType::Grade4
454,Desert01,1,0.2,Blueprint_HandGun_Default_4,1,1,1,EPalMapObjectTreasureGradeType::Grade4
455,Desert01,1,0.04,Blueprint_HandGun_Default_5,1,1,1,EPalMapObjectTreasureGradeType::Grade4
456,Desert01,1,2.0,Blueprint_CopperHelmet_2,1,1,1,EPalMapObjectTreasureGradeType::Grade4
457,Desert01,1,0.4,Blueprint_CopperHelmet_3,1,1,1,EPalMapObjectTreasureGradeType::Grade4
458,Desert01,1,0.08,Blueprint_CopperHelmet_4,1,1,1,EPalMapObjectTreasureGradeType::Grade4
459,Desert01,1,0.016,Blueprint_CopperHelmet_5,1,1,1,EPalMapObjectTreasureGradeType::Grade4
460,Desert01,1,3.0,Blueprint_CopperArmor_2,1,1,1,EPalMapObjectTreasureGradeType::Grade4
461,Desert01,1,0.6,Blueprint_CopperArmor_3,1,1,1,EPalMapObjectTreasureGradeType::Grade4
462,Desert01,1,0.12,Blueprint_CopperArmor_4,1,1,1,EPalMapObjectTreasureGradeType::Grade4
463,Desert01,1,0.024,Blueprint_CopperArmor_5,1,1,1,EPalMapObjectTreasureGradeType::Grade4
464,Desert01,1,1.5,Blueprint_CopperArmorHeat_2,1,1,1,EPalMapObjectTreasureGradeType::Grade4
465,Desert01,1,0.3,Blueprint_CopperArmorHeat_3,1,1,1,EPalMapObjectTreasureGradeType::Grade4
466,Desert01,1,0.06,Blueprint_CopperArmorHeat_4,1,1,1,EPalMapObjectTreasureGradeType::Grade4
467,Desert01,1,0.012,Blueprint_CopperArmorHeat_5,1,1,1,EPalMapObjectTreasureGradeType::Grade4
468,Desert01,1,1.5,Blueprint_CopperArmorCold_2,1,1,1,EPalMapObjectTreasureGradeType::Grade4
469,Desert01,1,0.3,Blueprint_CopperArmorCold_3,1,1,1,EPalMapObjectTreasureGradeType::Grade4
470,Desert01,1,0.06,Blueprint_CopperArmorCold_4,1,1,1,EPalMapObjectTreasureGradeType::Grade4
471,Desert01,1,0.012,Blueprint_CopperArmorCold_5,1,1,1,EPalMapObjectTreasureGradeType::Grade4
472,Desert01,2,100.0,Money,100,200,1,EPalMapObjectTreasureGradeType::Grade1
473,Desert01,3,10.0,RoughBullet,2,3,1,EPalMapObjectTreasureGradeType::Grade1
474,Desert01,3,10.0,PalSphere_Giga,1,2,1,EPalMapObjectTreasureGradeType::Grade1
475,Desert01,3,10.0,Pan,2,3,1,EPalMapObjectTreasureGradeType::Grade1
476,Volcano01,1,50.0,PalUpgradeStone2,1,2,1,EPalMapObjectTreasureGradeType::Grade1
477,Volcano01,1,20.0,TreasureBoxKey02,1,1,1,EPalMapObjectTreasureGradeType::Grade1
478,Volcano01,1,25.0,PalSphere_Tera,1,1,1,EPalMapObjectTreasureGradeType::Grade3
479,Volcano01,1,5.0,Medicines,1,1,1,EPalMapObjectTreasureGradeType::Grade3
480,Volcano01,1,30.0,Money,500,700,10,EPalMapObjectTreasureGradeType::Grade3
481,Volcano01,1,5.0,Blueprint_HandGun_Default_2,1,1,1,EPalMapObjectTreasureGradeType::Grade4
482,Volcano01,1,1.0,Blueprint_HandGun_Default_3,1,1,1,EPalMapObjectTreasureGradeType::Grade4
483,Volcano01,1,0.2,Blueprint_HandGun_Default_4,1,1,1,EPalMapObjectTreasureGradeType::Grade4
484,Volcano01,1,0.04,Blueprint_HandGun_Default_5,1,1,1,EPalMapObjectTreasureGradeType::Grade4
485,Volcano01,1,2.0,Blueprint_CopperHelmet_2,1,1,1,EPalMapObjectTreasureGradeType::Grade4
486,Volcano01,1,0.4,Blueprint_CopperHelmet_3,1,1,1,EPalMapObjectTreasureGradeType::Grade4
487,Volcano01,1,0.08,Blueprint_CopperHelmet_4,1,1,1,EPalMapObjectTreasureGradeType::Grade4
488,Volcano01,1,0.016,Blueprint_CopperHelmet_5,1,1,1,EPalMapObjectTreasureGradeType::Grade4
489,Volcano01,1,3.0,Blueprint_CopperArmor_2,1,1,1,EPalMapObjectTreasureGradeType::Grade4
490,Volcano01,1,0.6,Blueprint_CopperArmor_3,1,1,1,EPalMapObjectTreasureGradeType::Grade4
491,Volcano01,1,0.12,Blueprint_CopperArmor_4,1,1,1,EPalMapObjectTreasureGradeType::Grade4
492,Volcano01,1,0.024,Blueprint_CopperArmor_5,1,1,1,EPalMapObjectTreasureGradeType::Grade4
493,Volcano01,1,1.5,Blueprint_CopperArmorHeat_2,1,1,1,EPalMapObjectTreasureGradeType::Grade4
494,Volcano01,1,0.3,Blueprint_CopperArmorHeat_3,1,1,1,EPalMapObjectTreasureGradeType::Grade4
495,Volcano01,1,0.06,Blueprint_CopperArmorHeat_4,1,1,1,EPalMapObjectTreasureGradeType::Grade4
496,Volcano01,1,0.012,Blueprint_CopperArmorHeat_5,1,1,1,EPalMapObjectTreasureGradeType::Grade4
497,Volcano01,1,1.5,Blueprint_CopperArmorCold_2,1,1,1,EPalMapObjectTreasureGradeType::Grade4
498,Volcano01,1,0.3,Blueprint_CopperArmorCold_3,1,1,1,EPalMapObjectTreasureGradeType::Grade4
499,Volcano01,1,0.06,Blueprint_CopperArmorCold_4,1,1,1,EPalMapObjectTreasureGradeType::Grade4
500,Volcano01,1,0.012,Blueprint_CopperArmorCold_5,1,1,1,EPalMapObjectTreasureGradeType::Grade4
501,Volcano01,2,100.0,Money,100,200,1,EPalMapObjectTreasureGradeType::Grade1
502,Volcano01,3,10.0,RoughBullet,2,3,1,EPalMapObjectTreasureGradeType::Grade1
503,Volcano01,3,10.0,PalSphere_Giga,1,2,1,EPalMapObjectTreasureGradeType::Grade1
504,Volcano01,3,10.0,Pan,2,3,1,EPalMapObjectTreasureGradeType::Grade1
505,Snow01,1,50.0,PalUpgradeStone3,1,1,1,EPalMapObjectTreasureGradeType::Grade1
506,Snow01,1,20.0,TreasureBoxKey03,1,1,1,EPalMapObjectTreasureGradeType::Grade1
507,Snow01,1,25.0,PalSphere_Tera,1,1,1,EPalMapObjectTreasureGradeType::Grade3
508,Snow01,1,5.0,Medicines,1,1,1,EPalMapObjectTreasureGradeType::Grade3
509,Snow01,1,30.0,Money,600,800,10,EPalMapObjectTreasureGradeType::Grade3
510,Snow01,1,3.0,Blueprint_AssaultRifle_Default2,1,1,1,EPalMapObjectTreasureGradeType::Grade6
511,Snow01,1,0.6,Blueprint_AssaultRifle_Default3,1,1,1,EPalMapObjectTreasureGradeType::Grade6
512,Snow01,1,0.12,Blueprint_AssaultRifle_Default4,1,1,1,EPalMapObjectTreasureGradeType::Grade6
513,Snow01,1,0.024,Blueprint_AssaultRifle_Default5,1,1,1,EPalMapObjectTreasureGradeType::Grade6
514,Snow01,1,3.0,Blueprint_PumpActionShotgun_2,1,1,1,EPalMapObjectTreasureGradeType::Grade6
515,Snow01,1,0.6,Blueprint_PumpActionShotgun_3,1,1,1,EPalMapObjectTreasureGradeType::Grade6
516,Snow01,1,0.12,Blueprint_PumpActionShotgun_4,1,1,1,EPalMapObjectTreasureGradeType::Grade6
517,Snow01,1,0.024,Blueprint_PumpActionShotgun_5,1,1,1,EPalMapObjectTreasureGradeType::Grade6
518,Snow01,1,1.5,Blueprint_IronHelmet_2,1,1,1,EPalMapObjectTreasureGradeType::Grade6
519,Snow01,1,0.3,Blueprint_IronHelmet_3,1,1,1,EPalMapObjectTreasureGradeType::Grade6
520,Snow01,1,0.06,Blueprint_IronHelmet_4,1,1,1,EPalMapObjectTreasureGradeType::Grade6
521,Snow01,1,0.012,Blueprint_IronHelmet_5,1,1,1,EPalMapObjectTreasureGradeType::Grade6
522,Snow01,1,2.0,Blueprint_IronArmor_2,1,1,1,EPalMapObjectTreasureGradeType::Grade6
523,Snow01,1,0.4,Blueprint_IronArmor_3,1,1,1,EPalMapObjectTreasureGradeType::Grade6
524,Snow01,1,0.08,Blueprint_IronArmor_4,1,1,1,EPalMapObjectTreasureGradeType::Grade6
525,Snow01,1,0.016,Blueprint_IronArmor_5,1,1,1,EPalMapObjectTreasureGradeType::Grade6
526,Snow01,1,1.0,Blueprint_IronArmorHeat_2,1,1,1,EPalMapObjectTreasureGradeType::Grade6
527,Snow01,1,0.2,Blueprint_IronArmorHeat_3,1,1,1,EPalMapObjectTreasureGradeType::Grade6
528,Snow01,1,0.04,Blueprint_IronArmorHeat_4,1,1,1,EPalMapObjectTreasureGradeType::Grade6
529,Snow01,1,0.008,Blueprint_IronArmorHeat_5,1,1,1,EPalMapObjectTreasureGradeType::Grade6
530,Snow01,1,1.0,Blueprint_IronArmorCold_2,1,1,1,EPalMapObjectTreasureGradeType::Grade6
531,Snow01,1,0.2,Blueprint_IronArmorCold_3,1,1,1,EPalMapObjectTreasureGradeType::Grade6
532,Snow01,1,0.04,Blueprint_IronArmorCold_4,1,1,1,EPalMapObjectTreasureGradeType::Grade6
533,Snow01,1,0.008,Blueprint_IronArmorCold_5,1,1,1,EPalMapObjectTreasureGradeType::Grade6
534,Snow01,2,100.0,Money,100,200,1,EPalMapObjectTreasureGradeType::Grade1
535,Snow01,3,10.0,HandgunBullet,1,3,1,EPalMapObjectTreasureGradeType::Grade1
536,Snow01,3,10.0,PalSphere_Giga,1,3,1,EPalMapObjectTreasureGradeType::Grade1
537,Snow01,3,10.0,Pan,2,3,1,EPalMapObjectTreasureGradeType::Grade1
538,CharacterSpawnItem_Berries_1,1,1.0,Berries,1,1,1,EPalMapObjectTreasureGradeType::Grade1
539,CharacterSpawnItem_Berries_2,1,1.0,Berries,1,2,1,EPalMapObjectTreasureGradeType::Grade1
540,CharacterSpawnItem_Berries_3,1,1.0,Berries,1,3,1,EPalMapObjectTreasureGradeType::Grade1
541,CharacterSpawnItem_Berries_4,1,1.0,Berries,1,4,1,EPalMapObjectTreasureGradeType::Grade1
542,CharacterSpawnItem_Berries_5,1,1.0,Berries,1,5,1,EPalMapObjectTreasureGradeType::Grade1
543,CharacterSpawnItem_Cloth2_1,1,1.0,Cloth2,1,1,1,EPalMapObjectTreasureGradeType::Grade1
544,CharacterSpawnItem_Cloth2_2,1,1.0,Cloth2,1,2,1,EPalMapObjectTreasureGradeType::Grade1
545,CharacterSpawnItem_Cloth2_3,1,1.0,Cloth2,1,3,1,EPalMapObjectTreasureGradeType::Grade1
546,CharacterSpawnItem_Cloth2_4,1,1.0,Cloth2,1,4,1,EPalMapObjectTreasureGradeType::Grade1
547,CharacterSpawnItem_Cloth2_5,1,1.0,Cloth2,1,5,1,EPalMapObjectTreasureGradeType::Grade1
548,CharacterSpawnItem_CuteFoxRank1,1,5.0,PalSphere,1,1,1,EPalMapObjectTreasureGradeType::Grade1
549,CharacterSpawnItem_CuteFoxRank1,1,2.0,Arrow,1,1,1,EPalMapObjectTreasureGradeType::Grade1
550,CharacterSpawnItem_CuteFoxRank1,1,1.0,Money,10,10,10,EPalMapObjectTreasureGradeType::Grade1
551,CharacterSpawnItem_CuteFoxRank2,1,5.0,PalSphere,1,2,1,EPalMapObjectTreasureGradeType::Grade1
552,CharacterSpawnItem_CuteFoxRank2,1,2.0,Arrow,1,2,1,EPalMapObjectTreasureGradeType::Grade1
553,CharacterSpawnItem_CuteFoxRank2,1,1.0,Money,20,20,20,EPalMapObjectTreasureGradeType::Grade1
554,CharacterSpawnItem_CuteFoxRank3,1,5.0,PalSphere,2,3,1,EPalMapObjectTreasureGradeType::Grade1
555,CharacterSpawnItem_CuteFoxRank3,1,2.0,Arrow,2,3,1,EPalMapObjectTreasureGradeType::Grade1
556,CharacterSpawnItem_CuteFoxRank3,1,1.0,Money,30,30,30,EPalMapObjectTreasureGradeType::Grade1
557,CharacterSpawnItem_CuteFoxRank4,1,5.0,PalSphere,1,1,1,EPalMapObjectTreasureGradeType::Grade1
558,CharacterSpawnItem_CuteFoxRank4,1,1.0,PalSphere_Mega,1,1,1,EPalMapObjectTreasureGradeType::Grade1
559,CharacterSpawnItem_CuteFoxRank4,1,2.0,Arrow,3,4,1,EPalMapObjectTreasureGradeType::Grade1
560,CharacterSpawnItem_CuteFoxRank4,1,1.0,Money,40,40,40,EPalMapObjectTreasureGradeType::Grade1
561,CharacterSpawnItem_CuteFoxRank5,1,5.0,PalSphere,1,2,1,EPalMapObjectTreasureGradeType::Grade1
562,CharacterSpawnItem_CuteFoxRank5,1,1.0,PalSphere_Mega,1,1,1,EPalMapObjectTreasureGradeType::Grade1
563,CharacterSpawnItem_CuteFoxRank5,1,2.0,Arrow,4,5,1,EPalMapObjectTreasureGradeType::Grade1
564,CharacterSpawnItem_CuteFoxRank5,1,1.0,Money,50,50,50,EPalMapObjectTreasureGradeType::Grade1
565,CharacterSpawnItem_Egg_1,1,1.0,Egg,1,1,1,EPalMapObjectTreasureGradeType::Grade1
566,CharacterSpawnItem_Egg_2,1,1.0,Egg,1,2,1,EPalMapObjectTreasureGradeType::Grade1
567,CharacterSpawnItem_Egg_3,1,1.0,Egg,1,3,1,EPalMapObjectTreasureGradeType::Grade1
568,CharacterSpawnItem_Egg_4,1,1.0,Egg,1,4,1,EPalMapObjectTreasureGradeType::Grade1
569,CharacterSpawnItem_Egg_5,1,1.0,Egg,1,5,1,EPalMapObjectTreasureGradeType::Grade1
570,CharacterSpawnItem_Milk_1,1,1.0,Milk,1,1,1,EPalMapObjectTreasureGradeType::Grade1
571,CharacterSpawnItem_Milk_2,1,1.0,Milk,1,2,1,EPalMapObjectTreasureGradeType::Grade1
572,CharacterSpawnItem_Milk_3,1,1.0,Milk,1,3,1,EPalMapObjectTreasureGradeType::Grade1
573,CharacterSpawnItem_Milk_4,1,1.0,Milk,1,4,1,EPalMapObjectTreasureGradeType::Grade1
574,CharacterSpawnItem_Milk_5,1,1.0,Milk,1,5,1,EPalMapObjectTreasureGradeType::Grade1
575,CharacterSpawnItem_Money_1,1,1.0,Money,10,10,10,EPalMapObjectTreasureGradeType::Grade1
576,CharacterSpawnItem_Money_2,1,1.0,Money,10,20,10,EPalMapObjectTreasureGradeType::Grade1
577,CharacterSpawnItem_Money_3,1,1.0,Money,10,30,10,EPalMapObjectTreasureGradeType::Grade1
578,CharacterSpawnItem_Money_4,1,1.0,Money,10,40,10,EPalMapObjectTreasureGradeType::Grade1
579,CharacterSpawnItem_Money_5,1,1.0,Money,10,50,10,EPalMapObjectTreasureGradeType::Grade1
580,CharacterSpawnItem_Sweets_1,1,1.0,Sweet,1,1,1,EPalMapObjectTreasureGradeType::Grade1
581,CharacterSpawnItem_Sweets_2,1,1.0,Sweet,1,2,1,EPalMapObjectTreasureGradeType::Grade1
582,CharacterSpawnItem_Sweets_3,1,1.0,Sweet,1,3,1,EPalMapObjectTreasureGradeType::Grade1
583,CharacterSpawnItem_Sweets_4,1,1.0,Sweet,1,4,1,EPalMapObjectTreasureGradeType::Grade1
584,CharacterSpawnItem_Sweets_5,1,1.0,Sweet,1,5,1,EPalMapObjectTreasureGradeType::Grade1
585,CharacterSpawnItem_Wool_1,1,1.0,Wool,1,1,1,EPalMapObjectTreasureGradeType::Grade1
586,CharacterSpawnItem_Wool_2,1,1.0,Wool,1,2,1,EPalMapObjectTreasureGradeType::Grade1
587,CharacterSpawnItem_Wool_3,1,1.0,Wool,1,3,1,EPalMapObjectTreasureGradeType::Grade1
588,CharacterSpawnItem_Wool_4,1,1.0,Wool,1,4,1,EPalMapObjectTreasureGradeType::Grade1
589,CharacterSpawnItem_Wool_5,1,1.0,Wool,1,5,1,EPalMapObjectTreasureGradeType::Grade1
590,CharacterSpawnItem_SoldierBee_1,1,1.0,Honey,1,1,1,EPalMapObjectTreasureGradeType::Grade1
591,CharacterSpawnItem_SoldierBee_2,1,1.0,Honey,1,2,1,EPalMapObjectTreasureGradeType::Grade1
592,CharacterSpawnItem_SoldierBee_3,1,1.0,Honey,1,3,1,EPalMapObjectTreasureGradeType::Grade1
593,CharacterSpawnItem_SoldierBee_4,1,1.0,Honey,1,4,1,EPalMapObjectTreasureGradeType::Grade1
594,CharacterSpawnItem_SoldierBee_5,1,1.0,Honey,1,5,1,EPalMapObjectTreasureGradeType::Grade1
595,CharacterSpawnItem_LavaGirl_1,1,1.0,FireOrgan,1,1,1,EPalMapObjectTreasureGradeType::Grade1
596,CharacterSpawnItem_LavaGirl_2,1,1.0,FireOrgan,1,2,1,EPalMapObjectTreasureGradeType::Grade1
597,CharacterSpawnItem_LavaGirl_3,1,1.0,FireOrgan,1,3,1,EPalMapObjectTreasureGradeType::Grade1
598,CharacterSpawnItem_LavaGirl_4,1,1.0,FireOrgan,1,4,1,EPalMapObjectTreasureGradeType::Grade1
599,CharacterSpawnItem_LavaGirl_5,1,1.0,FireOrgan,1,5,1,EPalMapObjectTreasureGradeType::Grade1
600,Fruits,1,1.0,Berries,1,3,1,EPalMapObjectTreasureGradeType::Grade1
601,CharacterSpawnItem_Alpaca_1,1,1.0,Wool,2,2,1,EPalMapObjectTreasureGradeType::Grade1
602,CharacterSpawnItem_Alpaca_2,1,1.0,Wool,2,3,1,EPalMapObjectTreasureGradeType::Grade1
603,CharacterSpawnItem_Alpaca_3,1,1.0,Wool,2,4,1,EPalMapObjectTreasureGradeType::Grade1
604,CharacterSpawnItem_Alpaca_4,1,1.0,Wool,2,5,1,EPalMapObjectTreasureGradeType::Grade1
605,CharacterSpawnItem_Alpaca_5,1,1.0,Wool,2,6,1,EPalMapObjectTreasureGradeType::Grade1
606,Fruits_Grass_1,1,1.0,SkillCard_PowerShot,1,1,1,EPalMapObjectTreasureGradeType::Grade1
607,Fruits_Grass_1,1,1.0,SkillCard_PowerBall,1,1,1,EPalMapObjectTreasureGradeType::Grade1
608,Fruits_Grass_1,1,1.0,SkillCard_AirCanon,1,1,1,EPalMapObjectTreasureGradeType::Grade1
609,Fruits_Grass_1,1,1.0,SkillCard_WindCutter,1,1,1,EPalMapObjectTreasureGradeType::Grade1
610,Fruits_Grass_1,1,1.0,SkillCard_GrassTornado,1,1,1,EPalMapObjectTreasureGradeType::Grade1
611,Fruits_Grass_1,1,1.0,SkillCard_SeedMachinegun,1,1,1,EPalMapObjectTreasureGradeType::Grade1
612,Fruits_Grass_1,1,1.0,SkillCard_SeedMine,1,1,1,EPalMapObjectTreasureGradeType::Grade1
613,Fruits_Grass_1,1,1.0,SkillCard_WaterGun,1,1,1,EPalMapObjectTreasureGradeType::Grade1
614,Fruits_Grass_1,1,1.0,SkillCard_AquaJet,1,1,1,EPalMapObjectTreasureGradeType::Grade1
615,Fruits_Grass_1,1,1.0,SkillCard_BubbleShot,1,1,1,EPalMapObjectTreasureGradeType::Grade1
616,Fruits_Grass_1,1,1.0,SkillCard_FireBlast,1,1,1,EPalMapObjectTreasureGradeType::Grade1
617,Fruits_Grass_1,1,1.0,SkillCard_Flamethrower,1,1,1,EPalMapObjectTreasureGradeType::Grade1
618,Fruits_Grass_1,1,1.0,SkillCard_FlareArrow,1,1,1,EPalMapObjectTreasureGradeType::Grade1
619,Fruits_Grass_1,1,1.0,SkillCard_FireSeed,1,1,1,EPalMapObjectTreasureGradeType::Grade1
620,Fruits_Grass_1,1,1.0,SkillCard_ElecWave,1,1,1,EPalMapObjectTreasureGradeType::Grade1
621,Fruits_Grass_1,1,1.0,SkillCard_LineThunder,1,1,1,EPalMapObjectTreasureGradeType::Grade1
622,Fruits_Grass_1,1,1.0,SkillCard_ThunderFunnel,1,1,1,EPalMapObjectTreasureGradeType::Grade1
623,Fruits_Grass_1,1,1.0,SkillCard_SpreadPulse,1,1,1,EPalMapObjectTreasureGradeType::Grade1
624,Fruits_Grass_1,1,1.0,SkillCard_MudShot,1,1,1,EPalMapObjectTreasureGradeType::Grade1
625,Fruits_Grass_1,1,1.0,SkillCard_SandTornado,1,1,1,EPalMapObjectTreasureGradeType::Grade1
626,Fruits_Grass_1,1,1.0,SkillCard_ThrowRock,1,1,1,EPalMapObjectTreasureGradeType::Grade1
627,Fruits_Grass_1,1,1.0,SkillCard_IceMissile,1,1,1,EPalMapObjectTreasureGradeType::Grade1
628,Fruits_Grass_1,1,1.0,SkillCard_BlizzardLance,1,1,1,EPalMapObjectTreasureGradeType::Grade1
629,Fruits_Grass_1,1,1.0,SkillCard_IceBlade,1,1,1,EPalMapObjectTreasureGradeType::Grade1
630,Fruits_Grass_1,1,1.0,SkillCard_DarkWave,1,1,1,EPalMapObjectTreasureGradeType::Grade1
631,Fruits_Grass_1,1,1.0,SkillCard_ShadowBall,1,1,1,EPalMapObjectTreasureGradeType::Grade1
632,Fruits_Grass_1,1,1.0,SkillCard_PoisonShot,1,1,1,EPalMapObjectTreasureGradeType::Grade1
633,Fruits_Grass_1,1,1.0,SkillCard_GhostFlame,1,1,1,EPalMapObjectTreasureGradeType::Grade1
634,Fruits_Grass_1,1,1.0,SkillCard_DragonWave,1,1,1,EPalMapObjectTreasureGradeType::Grade1
635,Fruits_Grass_1,1,1.0,SkillCard_DragonCanon,1,1,1,EPalMapObjectTreasureGradeType::Grade1
636,Fruits_Grass_1,1,1.0,SkillCard_RootAttack,1,1,1,EPalMapObjectTreasureGradeType::Grade1
637,Fruits_Grass_1,1,1.0,SkillCard_AcidRain,1,1,1,EPalMapObjectTreasureGradeType::Grade1
638,Fruits_Grass_1,1,1.0,SkillCard_FlareTornado,1,1,1,EPalMapObjectTreasureGradeType::Grade1
639,Fruits_Grass_1,1,1.0,SkillCard_LockonLaser,1,1,1,EPalMapObjectTreasureGradeType::Grade1
640,Fruits_Grass_1,1,1.0,SkillCard_ThunderBall,1,1,1,EPalMapObjectTreasureGradeType::Grade1
641,Fruits_Grass_1,1,1.0,SkillCard_ThreeThunder,1,1,1,EPalMapObjectTreasureGradeType::Grade1
642,Fruits_Grass_1,1,1.0,SkillCard_StoneShotGun,1,1,1,EPalMapObjectTreasureGradeType::Grade1
643,Fruits_Grass_1,1,1.0,SkillCard_DragonBreath,1,1,1,EPalMapObjectTreasureGradeType::Grade1
644,Fruits_Forest_1,1,1.0,SkillCard_PowerShot,1,1,1,EPalMapObjectTreasureGradeType::Grade1
645,Fruits_Forest_1,1,1.0,SkillCard_PowerBall,1,1,1,EPalMapObjectTreasureGradeType::Grade1
646,Fruits_Forest_1,1,1.0,SkillCard_AirCanon,1,1,1,EPalMapObjectTreasureGradeType::Grade1
647,Fruits_Forest_1,1,1.0,SkillCard_WindCutter,1,1,1,EPalMapObjectTreasureGradeType::Grade1
648,Fruits_Forest_1,1,1.0,SkillCard_GrassTornado,1,1,1,EPalMapObjectTreasureGradeType::Grade1
649,Fruits_Forest_1,1,1.0,SkillCard_SeedMachinegun,1,1,1,EPalMapObjectTreasureGradeType::Grade1
650,Fruits_Forest_1,1,1.0,SkillCard_SeedMine,1,1,1,EPalMapObjectTreasureGradeType::Grade1
651,Fruits_Forest_1,1,1.0,SkillCard_WaterGun,1,1,1,EPalMapObjectTreasureGradeType::Grade1
652,Fruits_Forest_1,1,1.0,SkillCard_WaterBall,1,1,1,EPalMapObjectTreasureGradeType::Grade1
653,Fruits_Forest_1,1,1.0,SkillCard_AquaJet,1,1,1,EPalMapObjectTreasureGradeType::Grade1
654,Fruits_Forest_1,1,1.0,SkillCard_BubbleShot,1,1,1,EPalMapObjectTreasureGradeType::Grade1
655,Fruits_Forest_1,1,1.0,SkillCard_FireBlast,1,1,1,EPalMapObjectTreasureGradeType::Grade1
656,Fruits_Forest_1,1,1.0,SkillCard_Flamethrower,1,1,1,EPalMapObjectTreasureGradeType::Grade1
657,Fruits_Forest_1,1,1.0,SkillCard_FlareArrow,1,1,1,EPalMapObjectTreasureGradeType::Grade1
658,Fruits_Forest_1,1,1.0,SkillCard_FireSeed,1,1,1,EPalMapObjectTreasureGradeType::Grade1
659,Fruits_Forest_1,1,1.0,SkillCard_ElecWave,1,1,1,EPalMapObjectTreasureGradeType::Grade1
660,Fruits_Forest_1,1,1.0,SkillCard_LineThunder,1,1,1,EPalMapObjectTreasureGradeType::Grade1
661,Fruits_Forest_1,1,1.0,SkillCard_ThunderFunnel,1,1,1,EPalMapObjectTreasureGradeType::Grade1
662,Fruits_Forest_1,1,1.0,SkillCard_SpreadPulse,1,1,1,EPalMapObjectTreasureGradeType::Grade1
663,Fruits_Forest_1,1,1.0,SkillCard_MudShot,1,1,1,EPalMapObjectTreasureGradeType::Grade1
664,Fruits_Forest_1,1,1.0,SkillCard_SandTornado,1,1,1,EPalMapObjectTreasureGradeType::Grade1
665,Fruits_Forest_1,1,1.0,SkillCard_ThrowRock,1,1,1,EPalMapObjectTreasureGradeType::Grade1
666,Fruits_Forest_1,1,1.0,SkillCard_IceMissile,1,1,1,EPalMapObjectTreasureGradeType::Grade1
667,Fruits_Forest_1,1,1.0,SkillCard_BlizzardLance,1,1,1,EPalMapObjectTreasureGradeType::Grade1
668,Fruits_Forest_1,1,1.0,SkillCard_IceBlade,1,1,1,EPalMapObjectTreasureGradeType::Grade1
669,Fruits_Forest_1,1,1.0,SkillCard_DarkWave,1,1,1,EPalMapObjectTreasureGradeType::Grade1
670,Fruits_Forest_1,1,1.0,SkillCard_ShadowBall,1,1,1,EPalMapObjectTreasureGradeType::Grade1
671,Fruits_Forest_1,1,1.0,SkillCard_PoisonShot,1,1,1,EPalMapObjectTreasureGradeType::Grade1
672,Fruits_Forest_1,1,1.0,SkillCard_GhostFlame,1,1,1,EPalMapObjectTreasureGradeType::Grade1
673,Fruits_Forest_1,1,1.0,SkillCard_DragonWave,1,1,1,EPalMapObjectTreasureGradeType::Grade1
674,Fruits_Forest_1,1,1.0,SkillCard_DragonCanon,1,1,1,EPalMapObjectTreasureGradeType::Grade1
675,Fruits_Forest_1,1,1.0,SkillCard_RootAttack,1,1,1,EPalMapObjectTreasureGradeType::Grade1
676,Fruits_Forest_1,1,1.0,SkillCard_AcidRain,1,1,1,EPalMapObjectTreasureGradeType::Grade1
677,Fruits_Forest_1,1,1.0,SkillCard_FlareTornado,1,1,1,EPalMapObjectTreasureGradeType::Grade1
678,Fruits_Forest_1,1,1.0,SkillCard_LockonLaser,1,1,1,EPalMapObjectTreasureGradeType::Grade1
679,Fruits_Forest_1,1,1.0,SkillCard_ThunderBall,1,1,1,EPalMapObjectTreasureGradeType::Grade1
680,Fruits_Forest_1,1,1.0,SkillCard_ThreeThunder,1,1,1,EPalMapObjectTreasureGradeType::Grade1
681,Fruits_Forest_1,1,1.0,SkillCard_StoneShotGun,1,1,1,EPalMapObjectTreasureGradeType::Grade1
682,Fruits_Forest_1,1,1.0,SkillCard_DragonBreath,1,1,1,EPalMapObjectTreasureGradeType::Grade1
683,Fruits_Desert_1,1,1.0,SkillCard_HyperBeam,1,1,1,EPalMapObjectTreasureGradeType::Grade1
684,Fruits_Desert_1,1,1.0,SkillCard_PowerBall,1,1,1,EPalMapObjectTreasureGradeType::Grade1
685,Fruits_Desert_1,1,1.0,SkillCard_SelfDestruct,1,1,1,EPalMapObjectTreasureGradeType::Grade1
686,Fruits_Desert_1,1,1.0,SkillCard_SolarBeam,1,1,1,EPalMapObjectTreasureGradeType::Grade1
687,Fruits_Desert_1,1,1.0,SkillCard_GrassTornado,1,1,1,EPalMapObjectTreasureGradeType::Grade1
688,Fruits_Desert_1,1,1.0,SkillCard_RootAttack,1,1,1,EPalMapObjectTreasureGradeType::Grade1
689,Fruits_Desert_1,1,1.0,SkillCard_SeedMine,1,1,1,EPalMapObjectTreasureGradeType::Grade1
690,Fruits_Desert_1,1,1.0,SkillCard_HydroPump,1,1,1,EPalMapObjectTreasureGradeType::Grade1
691,Fruits_Desert_1,1,1.0,SkillCard_WaterBall,1,1,1,EPalMapObjectTreasureGradeType::Grade1
692,Fruits_Desert_1,1,1.0,SkillCard_AcidRain,1,1,1,EPalMapObjectTreasureGradeType::Grade1
693,Fruits_Desert_1,1,1.0,SkillCard_BubbleShot,1,1,1,EPalMapObjectTreasureGradeType::Grade1
694,Fruits_Desert_1,1,1.0,SkillCard_Inferno,1,1,1,EPalMapObjectTreasureGradeType::Grade1
695,Fruits_Desert_1,1,1.0,SkillCard_Flamethrower,1,1,1,EPalMapObjectTreasureGradeType::Grade1
696,Fruits_Desert_1,1,1.0,SkillCard_FlareTornado,1,1,1,EPalMapObjectTreasureGradeType::Grade1
697,Fruits_Desert_1,1,1.0,SkillCard_FireBall,1,1,1,EPalMapObjectTreasureGradeType::Grade1
698,Fruits_Desert_1,1,1.0,SkillCard_Thunderbolt,1,1,1,EPalMapObjectTreasureGradeType::Grade1
699,Fruits_Desert_1,1,1.0,SkillCard_ThreeThunder,1,1,1,EPalMapObjectTreasureGradeType::Grade1
700,Fruits_Desert_1,1,1.0,SkillCard_LockonLaser,1,1,1,EPalMapObjectTreasureGradeType::Grade1
701,Fruits_Desert_1,1,1.0,SkillCard_LightningStrike,1,1,1,EPalMapObjectTreasureGradeType::Grade1
702,Fruits_Desert_1,1,1.0,SkillCard_RockLance,1,1,1,EPalMapObjectTreasureGradeType::Grade1
703,Fruits_Desert_1,1,1.0,SkillCard_SandTornado,1,1,1,EPalMapObjectTreasureGradeType::Grade1
704,Fruits_Desert_1,1,1.0,SkillCard_StoneShotgun,1,1,1,EPalMapObjectTreasureGradeType::Grade1
705,Fruits_Desert_1,1,1.0,SkillCard_IcicleThrow,1,1,1,EPalMapObjectTreasureGradeType::Grade1
706,Fruits_Desert_1,1,1.0,SkillCard_BlizzardLance,1,1,1,EPalMapObjectTreasureGradeType::Grade1
707,Fruits_Desert_1,1,1.0,SkillCard_FrostBreath,1,1,1,EPalMapObjectTreasureGradeType::Grade1
708,Fruits_Desert_1,1,1.0,SkillCard_ShadowBall,1,1,1,EPalMapObjectTreasureGradeType::Grade1
709,Fruits_Desert_1,1,1.0,SkillCard_DarkLaser,1,1,1,EPalMapObjectTreasureGradeType::Grade1
710,Fruits_Desert_1,1,1.0,SkillCard_PoisonShot,1,1,1,EPalMapObjectTreasureGradeType::Grade1
711,Fruits_Desert_1,1,1.0,SkillCard_DragonMeteor,1,1,1,EPalMapObjectTreasureGradeType::Grade1
712,Fruits_Desert_1,1,1.0,SkillCard_DragonWave,1,1,1,EPalMapObjectTreasureGradeType::Grade1
713,Fruits_Desert_1,1,1.0,SkillCard_DragonBreath,1,1,1,EPalMapObjectTreasureGradeType::Grade1
714,Fruits_Desert_1,1,1.0,SkillCard_FlareTornado,1,1,1,EPalMapObjectTreasureGradeType::Grade1
715,Fruits_Desert_1,1,1.0,SkillCard_LockonLaser,1,1,1,EPalMapObjectTreasureGradeType::Grade1
716,Fruits_Desert_1,1,1.0,SkillCard_ThunderBall,1,1,1,EPalMapObjectTreasureGradeType::Grade1
717,Fruits_Desert_1,1,1.0,SkillCard_ThreeThunder,1,1,1,EPalMapObjectTreasureGradeType::Grade1
718,Fruits_Desert_1,1,1.0,SkillCard_StoneShotGun,1,1,1,EPalMapObjectTreasureGradeType::Grade1
719,Fruits_Desert_1,1,1.0,SkillCard_DragonBreath,1,1,1,EPalMapObjectTreasureGradeType::Grade1
720,Fruits_Volcano_1,1,1.0,SkillCard_HyperBeam,1,1,1,EPalMapObjectTreasureGradeType::Grade1
721,Fruits_Volcano_1,1,1.0,SkillCard_PowerBall,1,1,1,EPalMapObjectTreasureGradeType::Grade1
722,Fruits_Volcano_1,1,1.0,SkillCard_SelfDestruct,1,1,1,EPalMapObjectTreasureGradeType::Grade1
723,Fruits_Volcano_1,1,1.0,SkillCard_SolarBeam,1,1,1,EPalMapObjectTreasureGradeType::Grade1
724,Fruits_Volcano_1,1,1.0,SkillCard_GrassTornado,1,1,1,EPalMapObjectTreasureGradeType::Grade1
725,Fruits_Volcano_1,1,1.0,SkillCard_RootAttack,1,1,1,EPalMapObjectTreasureGradeType::Grade1
726,Fruits_Volcano_1,1,1.0,SkillCard_SeedMine,1,1,1,EPalMapObjectTreasureGradeType::Grade1
727,Fruits_Volcano_1,1,1.0,SkillCard_HydroPump,1,1,1,EPalMapObjectTreasureGradeType::Grade1
728,Fruits_Volcano_1,1,1.0,SkillCard_WaterBall,1,1,1,EPalMapObjectTreasureGradeType::Grade1
729,Fruits_Volcano_1,1,1.0,SkillCard_AcidRain,1,1,1,EPalMapObjectTreasureGradeType::Grade1
730,Fruits_Volcano_1,1,1.0,SkillCard_BubbleShot,1,1,1,EPalMapObjectTreasureGradeType::Grade1
731,Fruits_Volcano_1,1,1.0,SkillCard_Inferno,1,1,1,EPalMapObjectTreasureGradeType::Grade1
732,Fruits_Volcano_1,1,1.0,SkillCard_Flamethrower,1,1,1,EPalMapObjectTreasureGradeType::Grade1
733,Fruits_Volcano_1,1,1.0,SkillCard_FlareTornado,1,1,1,EPalMapObjectTreasureGradeType::Grade1
734,Fruits_Volcano_1,1,1.0,SkillCard_FireBall,1,1,1,EPalMapObjectTreasureGradeType::Grade1
735,Fruits_Volcano_1,1,1.0,SkillCard_Thunderbolt,1,1,1,EPalMapObjectTreasureGradeType::Grade1
736,Fruits_Volcano_1,1,1.0,SkillCard_ThreeThunder,1,1,1,EPalMapObjectTreasureGradeType::Grade1
737,Fruits_Volcano_1,1,1.0,SkillCard_LockonLaser,1,1,1,EPalMapObjectTreasureGradeType::Grade1
738,Fruits_Volcano_1,1,1.0,SkillCard_LightningStrike,1,1,1,EPalMapObjectTreasureGradeType::Grade1
739,Fruits_Volcano_1,1,1.0,SkillCard_RockLance,1,1,1,EPalMapObjectTreasureGradeType::Grade1
740,Fruits_Volcano_1,1,1.0,SkillCard_SandTornado,1,1,1,EPalMapObjectTreasureGradeType::Grade1
741,Fruits_Volcano_1,1,1.0,SkillCard_StoneShotgun,1,1,1,EPalMapObjectTreasureGradeType::Grade1
742,Fruits_Volcano_1,1,1.0,SkillCard_IcicleThrow,1,1,1,EPalMapObjectTreasureGradeType::Grade1
743,Fruits_Volcano_1,1,1.0,SkillCard_BlizzardLance,1,1,1,EPalMapObjectTreasureGradeType::Grade1
744,Fruits_Volcano_1,1,1.0,SkillCard_FrostBreath,1,1,1,EPalMapObjectTreasureGradeType::Grade1
745,Fruits_Volcano_1,1,1.0,SkillCard_ShadowBall,1,1,1,EPalMapObjectTreasureGradeType::Grade1
746,Fruits_Volcano_1,1,1.0,SkillCard_DarkLaser,1,1,1,EPalMapObjectTreasureGradeType::Grade1
747,Fruits_Volcano_1,1,1.0,SkillCard_PoisonShot,1,1,1,EPalMapObjectTreasureGradeType::Grade1
748,Fruits_Volcano_1,1,1.0,SkillCard_DragonMeteor,1,1,1,EPalMapObjectTreasureGradeType::Grade1
749,Fruits_Volcano_1,1,1.0,SkillCard_DragonWave,1,1,1,EPalMapObjectTreasureGradeType::Grade1
750,Fruits_Volcano_1,1,1.0,SkillCard_DragonBreath,1,1,1,EPalMapObjectTreasureGradeType::Grade1
751,Fruits_Volcano_1,1,1.0,SkillCard_AcidRain,1,1,1,EPalMapObjectTreasureGradeType::Grade1
752,Fruits_Volcano_1,1,1.0,SkillCard_FlareTornado,1,1,1,EPalMapObjectTreasureGradeType::Grade1
753,Fruits_Volcano_1,1,1.0,SkillCard_LockonLaser,1,1,1,EPalMapObjectTreasureGradeType::Grade1
754,Fruits_Volcano_1,1,1.0,SkillCard_ThunderBall,1,1,1,EPalMapObjectTreasureGradeType::Grade1
755,Fruits_Volcano_1,1,1.0,SkillCard_ThreeThunder,1,1,1,EPalMapObjectTreasureGradeType::Grade1
756,Fruits_Volcano_1,1,1.0,SkillCard_StoneShotGun,1,1,1,EPalMapObjectTreasureGradeType::Grade1
757,Fruits_Volcano_1,1,1.0,SkillCard_DragonBreath,1,1,1,EPalMapObjectTreasureGradeType::Grade1
758,Fruits_Snow_1,1,1.0,SkillCard_HyperBeam,1,1,1,EPalMapObjectTreasureGradeType::Grade1
759,Fruits_Snow_1,1,1.0,SkillCard_PowerBall,1,1,1,EPalMapObjectTreasureGradeType::Grade1
760,Fruits_Snow_1,1,1.0,SkillCard_SelfDestruct,1,1,1,EPalMapObjectTreasureGradeType::Grade1
761,Fruits_Snow_1,1,1.0,SkillCard_SolarBeam,1,1,1,EPalMapObjectTreasureGradeType::Grade1
762,Fruits_Snow_1,1,1.0,SkillCard_GrassTornado,1,1,1,EPalMapObjectTreasureGradeType::Grade1
763,Fruits_Snow_1,1,1.0,SkillCard_RootAttack,1,1,1,EPalMapObjectTreasureGradeType::Grade1
764,Fruits_Snow_1,1,1.0,SkillCard_SeedMine,1,1,1,EPalMapObjectTreasureGradeType::Grade1
765,Fruits_Snow_1,1,1.0,SkillCard_HydroPump,1,1,1,EPalMapObjectTreasureGradeType::Grade1
766,Fruits_Snow_1,1,1.0,SkillCard_WaterBall,1,1,1,EPalMapObjectTreasureGradeType::Grade1
767,Fruits_Snow_1,1,1.0,SkillCard_AcidRain,1,1,1,EPalMapObjectTreasureGradeType::Grade1
768,Fruits_Snow_1,1,1.0,SkillCard_BubbleShot,1,1,1,EPalMapObjectTreasureGradeType::Grade1
769,Fruits_Snow_1,1,1.0,SkillCard_Inferno,1,1,1,EPalMapObjectTreasureGradeType::Grade1
770,Fruits_Snow_1,1,1.0,SkillCard_Flamethrower,1,1,1,EPalMapObjectTreasureGradeType::Grade1
771,Fruits_Snow_1,1,1.0,SkillCard_FlareTornado,1,1,1,EPalMapObjectTreasureGradeType::Grade1
772,Fruits_Snow_1,1,1.0,SkillCard_FireBall,1,1,1,EPalMapObjectTreasureGradeType::Grade1
773,Fruits_Snow_1,1,1.0,SkillCard_Thunderbolt,1,1,1,EPalMapObjectTreasureGradeType::Grade1
774,Fruits_Snow_1,1,1.0,SkillCard_ThreeThunder,1,1,1,EPalMapObjectTreasureGradeType::Grade1
775,Fruits_Snow_1,1,1.0,SkillCard_LockonLaser,1,1,1,EPalMapObjectTreasureGradeType::Grade1
776,Fruits_Snow_1,1,1.0,SkillCard_LightningStrike,1,1,1,EPalMapObjectTreasureGradeType::Grade1
777,Fruits_Snow_1,1,1.0,SkillCard_RockLance,1,1,1,EPalMapObjectTreasureGradeType::Grade1
778,Fruits_Snow_1,1,1.0,SkillCard_SandTornado,1,1,1,EPalMapObjectTreasureGradeType::Grade1
779,Fruits_Snow_1,1,1.0,SkillCard_StoneShotgun,1,1,1,EPalMapObjectTreasureGradeType::Grade1
780,Fruits_Snow_1,1,1.0,SkillCard_IcicleThrow,1,1,1,EPalMapObjectTreasureGradeType::Grade1
781,Fruits_Snow_1,1,1.0,SkillCard_BlizzardLance,1,1,1,EPalMapObjectTreasureGradeType::Grade1
782,Fruits_Snow_1,1,1.0,SkillCard_FrostBreath,1,1,1,EPalMapObjectTreasureGradeType::Grade1
783,Fruits_Snow_1,1,1.0,SkillCard_ShadowBall,1,1,1,EPalMapObjectTreasureGradeType::Grade1
784,Fruits_Snow_1,1,1.0,SkillCard_DarkLaser,1,1,1,EPalMapObjectTreasureGradeType::Grade1
785,Fruits_Snow_1,1,1.0,SkillCard_PoisonShot,1,1,1,EPalMapObjectTreasureGradeType::Grade1
786,Fruits_Snow_1,1,1.0,SkillCard_DragonMeteor,1,1,1,EPalMapObjectTreasureGradeType::Grade1
787,Fruits_Snow_1,1,1.0,SkillCard_DragonWave,1,1,1,EPalMapObjectTreasureGradeType::Grade1
788,Fruits_Snow_1,1,1.0,SkillCard_DragonBreath,1,1,1,EPalMapObjectTreasureGradeType::Grade1
