Item,Product_Id,Product_Count,WorkAmount,WorkableAttribute,UnlockItemID,Material1_Id,Material1_Count,Material2_Id,Material2_Count,Material3_Id,Material3_Count,Material4_Id,Material4_Count,Material5_Id,Material5_Count,EnergyType,EnergyAmount,Editor_RowNameHash
PalSphere,PalSphere,1,300.0,1,None,Pal_crystal_S,1,Wood,3,Stone,3,None,0,None,0,EPalEnergyType::None,0,781717301
PalSphere_Mega,PalSphere_Mega,1,1500.0,1,None,Pal_crystal_S,1,CopperIngot,1,Wood,5,Stone,5,None,0,EPalEnergyType::None,0,-2097319216
PalSphere_Giga,PalSphere_Giga,1,4500.0,1,None,Pal_crystal_S,2,CopperIngot,2,Wood,7,Stone,7,None,0,EPalEnergyType::None,0,2145351049
PalSphere_Tera,PalSphere_Tera,1,13000.0,1,None,Pal_crystal_S,3,CopperIngot,3,Wood,10,Cement,2,None,0,EPalEnergyType::None,0,1646621595
PalSphere_Master,PalSphere_Master,1,40000.0,1,None,Pal_crystal_S,5,IronIngot,5,CarbonFiber,2,Cement,3,None,0,EPalEnergyType::None,0,-50804963
PalSphere_Legend,PalSphere_Legend,1,100000.0,1,None,Pal_crystal_S,10,StealIngot,5,CarbonFiber,3,Cement,5,None,0,EPalEnergyType::None,0,1461043779
Bat,Bat,1,750.0,1,None,Wood,5,None,0,None,0,None,0,None,0,EPalEnergyType::None,0,-1944521231
Bat2,Bat2,1,2000.0,1,None,Wood,30,Stone,10,None,0,None,0,None,0,EPalEnergyType::None,0,-396622604
Torch,Torch,1,1000.0,1,None,Wood,2,Stone,2,None,0,None,0,None,0,EPalEnergyType::None,0,-573783087
MeatCutterKnife,MeatCutterKnife,1,5000.0,1,None,CopperIngot,5,Wood,20,Stone,5,None,0,None,0,EPalEnergyType::None,0,-1220309254
Pickaxe_Tier_00,Pickaxe_Tier_00,1,500.0,1,None,Stone,5,Wood,5,None,0,None,0,None,0,EPalEnergyType::None,0,1273709972
Pickaxe_Tier_01,Pickaxe_Tier_01,1,5000.0,1,None,Stone,15,Wood,20,CopperIngot,5,None,0,None,0,EPalEnergyType::None,0,-1157149592
Pickaxe_Tier_02,Pickaxe_Tier_02,1,50000.0,1,None,Stone,30,Wood,40,IronIngot,10,None,0,None,0,EPalEnergyType::None,0,-1719773425
Axe_Tier_00,Axe_Tier_00,1,500.0,1,None,Stone,5,Wood,5,None,0,None,0,None,0,EPalEnergyType::None,0,-1774399867
Axe_Tier_01,Axe_Tier_01,1,5000.0,1,None,Stone,15,Wood,20,CopperIngot,5,None,0,None,0,EPalEnergyType::None,0,-15377140
Axe_Tier_02,Axe_Tier_02,1,50000.0,1,None,Stone,30,Wood,40,IronIngot,10,None,0,None,0,EPalEnergyType::None,0,-531806192
Spear,Spear,1,1000.0,1,None,Wood,18,Stone,6,None,0,None,0,None,0,EPalEnergyType::None,0,-1748402462
Spear_2,Spear_2,1,10000.0,1,None,Wood,27,Stone,12,CopperIngot,10,None,0,None,0,EPalEnergyType::None,0,-522833945
Spear_3,Spear_3,1,100000.0,1,None,Wood,36,Stone,18,IronIngot,10,None,0,None,0,EPalEnergyType::None,0,1635075748
Spear_ForestBoss,Spear_ForestBoss,1,300000.0,1,None,Pal_crystal_S,20,IronIngot,30,Cloth2,20,Wood,50,PalCrystal_Ex,20,EPalEnergyType::None,0,-30219481
ElecBaton,ElecBaton,1,30000.0,1,None,CopperIngot,20,ElectricOrgan,20,None,0,None,0,None,0,EPalEnergyType::None,0,-169360882
Sword,Sword,1,100000.0,1,None,IronIngot,30,Wood,20,Stone,20,None,0,None,0,EPalEnergyType::None,0,15404806
WeakerBow,WeakerBow,1,2000.0,1,None,Wood,30,Stone,5,Fiber,15,None,0,None,0,EPalEnergyType::None,0,1111815402
WeakerBow_2,WeakerBow_2,1,8000.0,1,Blueprint_WeakerBow_2,Wood,60,Stone,10,Fiber,30,PalCrystal_Ex,1,None,0,EPalEnergyType::None,0,-1032790685
WeakerBow_3,WeakerBow_3,1,16000.0,1,Blueprint_WeakerBow_3,Wood,90,Stone,15,Fiber,45,PalCrystal_Ex,2,None,0,EPalEnergyType::None,0,-354523992
WeakerBow_4,WeakerBow_4,1,32000.0,1,Blueprint_WeakerBow_4,Wood,135,Stone,22,Fiber,67,PalCrystal_Ex,4,None,0,EPalEnergyType::None,0,837632727
WeakerBow_5,WeakerBow_5,1,64000.0,1,Blueprint_WeakerBow_5,Wood,202,Stone,33,Fiber,100,PalCrystal_Ex,10,None,0,EPalEnergyType::None,0,-1531340176
Bow_Fire,Bow_Fire,1,5000.0,1,None,Wood,40,Stone,8,Fiber,20,FireOrgan,2,None,0,EPalEnergyType::None,0,107666353
Bow_Poison,Bow_Poison,1,5000.0,1,None,Wood,40,Stone,8,Fiber,20,Venom,2,None,0,EPalEnergyType::None,0,-889653333
Bow_Triple,Bow_Triple,1,8000.0,1,None,Wood,50,Stone,12,Fiber,30,None,0,None,0,EPalEnergyType::None,0,91410382
BowGun,BowGun,1,15000.0,1,None,Wood,50,Stone,40,CopperIngot,10,MachineParts,5,None,0,EPalEnergyType::None,0,824169925
BowGun_2,BowGun_2,1,60000.0,1,Blueprint_BowGun_2,Wood,100,Stone,80,CopperIngot,20,MachineParts,10,PalCrystal_Ex,2,EPalEnergyType::None,0,547802159
BowGun_3,BowGun_3,1,120000.0,1,Blueprint_BowGun_3,Wood,150,Stone,120,CopperIngot,30,MachineParts,15,PalCrystal_Ex,4,EPalEnergyType::None,0,167476372
BowGun_4,BowGun_4,1,240000.0,1,Blueprint_BowGun_4,Wood,225,Stone,180,CopperIngot,45,MachineParts,22,PalCrystal_Ex,6,EPalEnergyType::None,0,644458842
BowGun_5,BowGun_5,1,480000.0,1,Blueprint_BowGun_5,Wood,337,Stone,270,CopperIngot,67,MachineParts,33,PalCrystal_Ex,12,EPalEnergyType::None,0,676798184
BowGun_Fire,BowGun_Fire,1,25000.0,1,None,Wood,50,Stone,50,CopperIngot,15,MachineParts,5,FireOrgan,5,EPalEnergyType::None,0,-1893560254
BowGun_Poison,BowGun_Poison,1,25000.0,1,None,Wood,50,Stone,50,CopperIngot,15,MachineParts,5,Venom,5,EPalEnergyType::None,0,-1777267099
Musket,Musket,1,35000.0,1,None,CopperIngot,25,PalOil,5,Wood,30,None,0,None,0,EPalEnergyType::None,0,-1843462199
MakeshiftHandgun,MakeshiftHandgun,1,40000.0,1,None,CopperIngot,35,PalOil,10,Fiber,30,None,0,None,0,EPalEnergyType::None,0,-1136247539
HandGun_Default,HandGun_Default,1,50000.0,1,None,CopperIngot,50,PalOil,15,None,0,None,0,None,0,EPalEnergyType::None,0,-1652539234
HandGun_Default_2,HandGun_Default_2,1,200000.0,1,Blueprint_HandGun_Default_2,CopperIngot,100,PalOil,30,PalCrystal_Ex,3,None,0,None,0,EPalEnergyType::None,0,126761938
HandGun_Default_3,HandGun_Default_3,1,400000.0,1,Blueprint_HandGun_Default_3,CopperIngot,150,PalOil,45,PalCrystal_Ex,5,None,0,None,0,EPalEnergyType::None,0,-807225318
HandGun_Default_4,HandGun_Default_4,1,800000.0,1,Blueprint_HandGun_Default_4,CopperIngot,225,PalOil,67,PalCrystal_Ex,7,None,0,None,0,EPalEnergyType::None,0,1118016044
HandGun_Default_5,HandGun_Default_5,1,1600000.0,1,Blueprint_HandGun_Default_5,CopperIngot,337,PalOil,100,PalCrystal_Ex,14,None,0,None,0,EPalEnergyType::None,0,490232160
SingleShotRifle,SingleShotRifle,1,70000.0,1,None,IronIngot,20,Polymer,5,None,0,None,0,None,0,EPalEnergyType::None,0,1307544149
DoubleBarrelShotgun,DoubleBarrelShotgun,1,80000.0,1,None,IronIngot,30,Polymer,7,None,0,None,0,None,0,EPalEnergyType::None,0,-1706497459
AssaultRifle_Default1,AssaultRifle_Default1,1,100000.0,1,None,IronIngot,40,Polymer,10,CarbonFiber,30,None,0,None,0,EPalEnergyType::None,0,1920620766
AssaultRifle_Default2,AssaultRifle_Default2,1,400000.0,1,Blueprint_AssaultRifle_Default2,IronIngot,80,Polymer,20,CarbonFiber,60,PalCrystal_Ex,5,None,0,EPalEnergyType::None,0,93723778
AssaultRifle_Default3,AssaultRifle_Default3,1,800000.0,1,Blueprint_AssaultRifle_Default3,IronIngot,120,Polymer,30,CarbonFiber,90,PalCrystal_Ex,10,None,0,EPalEnergyType::None,0,-2084770155
AssaultRifle_Default4,AssaultRifle_Default4,1,1600000.0,1,Blueprint_AssaultRifle_Default4,IronIngot,180,Polymer,45,CarbonFiber,135,PalCrystal_Ex,20,None,0,EPalEnergyType::None,0,-143475784
AssaultRifle_Default5,AssaultRifle_Default5,1,3200000.0,1,Blueprint_AssaultRifle_Default5,IronIngot,270,Polymer,67,CarbonFiber,202,PalCrystal_Ex,30,None,0,EPalEnergyType::None,0,1066647366
PumpActionShotgun,PumpActionShotgun,1,120000.0,1,None,IronIngot,30,Polymer,20,CarbonFiber,40,None,0,None,0,EPalEnergyType::None,0,518447543
PumpActionShotgun_2,PumpActionShotgun_2,1,480000.0,1,Blueprint_PumpActionShotgun_2,IronIngot,60,Polymer,40,CarbonFiber,80,PalCrystal_Ex,5,None,0,EPalEnergyType::None,0,801241375
PumpActionShotgun_3,PumpActionShotgun_3,1,960000.0,1,Blueprint_PumpActionShotgun_3,IronIngot,90,Polymer,60,CarbonFiber,120,PalCrystal_Ex,10,None,0,EPalEnergyType::None,0,1484671681
PumpActionShotgun_4,PumpActionShotgun_4,1,1920000.0,1,Blueprint_PumpActionShotgun_4,IronIngot,135,Polymer,90,CarbonFiber,180,PalCrystal_Ex,20,None,0,EPalEnergyType::None,0,-1631822527
PumpActionShotgun_5,PumpActionShotgun_5,1,3840000.0,1,Blueprint_PumpActionShotgun_5,IronIngot,202,Polymer,135,CarbonFiber,270,PalCrystal_Ex,30,None,0,EPalEnergyType::None,0,1408958076
Launcher_Default,Launcher_Default,1,300000.0,1,None,StealIngot,75,Polymer,30,CarbonFiber,50,None,0,None,0,EPalEnergyType::None,0,-1467468725
Launcher_Default_2,Launcher_Default_2,1,1200000.0,1,Blueprint_Launcher_Default_2,StealIngot,150,Polymer,60,CarbonFiber,100,PalCrystal_Ex,10,None,0,EPalEnergyType::None,0,-713862127
Launcher_Default_3,Launcher_Default_3,1,2400000.0,1,Blueprint_Launcher_Default_3,StealIngot,225,Polymer,90,CarbonFiber,150,PalCrystal_Ex,20,None,0,EPalEnergyType::None,0,602360806
Launcher_Default_4,Launcher_Default_4,1,4800000.0,1,Blueprint_Launcher_Default_4,StealIngot,337,Polymer,135,CarbonFiber,225,PalCrystal_Ex,30,None,0,EPalEnergyType::None,0,768197770
Launcher_Default_5,Launcher_Default_5,1,9600000.0,1,Blueprint_Launcher_Default_5,StealIngot,505,Polymer,202,CarbonFiber,337,PalCrystal_Ex,40,None,0,EPalEnergyType::None,0,-29516463
HomingSphereLauncher,HomingSphereLauncher,1,240000.0,1,None,StealIngot,100,Polymer,50,Pal_crystal_S,200,CarbonFiber,50,PalCrystal_Ex,20,EPalEnergyType::None,0,-1226634247
SphereLauncher,SphereLauncher,1,300000.0,1,None,IronIngot,50,Polymer,15,Pal_crystal_S,50,CarbonFiber,30,PalCrystal_Ex,10,EPalEnergyType::None,0,-569460868
SphereLauncher_Once,SphereLauncher_Once,1,100000.0,1,None,CopperIngot,50,Stone,100,Pal_crystal_S,50,PalCrystal_Ex,5,None,0,EPalEnergyType::None,0,-959066702
DecalGun_1,DecalGun_1,1,40000.0,1,None,CopperIngot,30,Polymer,10,Pal_crystal_S,15,PalCrystal_Ex,3,None,0,EPalEnergyType::None,0,1164739876
DecalGun_2,DecalGun_2,1,40000.0,1,None,CopperIngot,30,Polymer,10,Pal_crystal_S,15,PalCrystal_Ex,3,None,0,EPalEnergyType::None,0,1330232261
DecalGun_3,DecalGun_3,1,40000.0,1,None,CopperIngot,30,Polymer,10,Pal_crystal_S,15,PalCrystal_Ex,3,None,0,EPalEnergyType::None,0,1792818334
DecalGun_4,DecalGun_4,1,40000.0,1,None,CopperIngot,30,Polymer,10,Pal_crystal_S,15,PalCrystal_Ex,3,None,0,EPalEnergyType::None,0,-903798138
DecalGun_5,DecalGun_5,1,40000.0,1,None,CopperIngot,30,Polymer,10,Pal_crystal_S,15,PalCrystal_Ex,3,None,0,EPalEnergyType::None,0,-2115427451
GrapplingGun,GrapplingGun,1,20000.0,1,None,Pal_crystal_S,10,CopperIngot,10,Fiber,30,PalCrystal_Ex,1,None,0,EPalEnergyType::None,0,-1795794257
GrapplingGun2,GrapplingGun2,1,40000.0,1,None,Pal_crystal_S,20,CopperIngot,20,Fiber,50,PalCrystal_Ex,4,None,0,EPalEnergyType::None,0,2048466706
GrapplingGun3,GrapplingGun3,1,100000.0,1,None,Pal_crystal_S,30,CopperIngot,30,Fiber,80,PalCrystal_Ex,8,None,0,EPalEnergyType::None,0,736800725
GrapplingGun4,GrapplingGun4,1,500000.0,1,None,Pal_crystal_S,40,IronIngot,30,CarbonFiber,20,Polymer,20,PalCrystal_Ex,15,EPalEnergyType::None,0,2044944183
FragGrenade,FragGrenade,1,10000.0,1,None,Fiber,10,Stone,10,Gunpowder2,1,None,0,None,0,EPalEnergyType::None,0,-2032246690
FragGrenade_Fire,FragGrenade_Fire,1,13000.0,1,None,Fiber,10,Stone,10,FireOrgan,1,None,0,None,0,EPalEnergyType::None,0,644141132
FragGrenade_Elec,FragGrenade_Elec,1,13000.0,1,None,Fiber,10,Stone,10,ElectricOrgan,1,None,0,None,0,EPalEnergyType::None,0,1851740583
FragGrenade_Ice,FragGrenade_Ice,1,13000.0,1,None,Fiber,10,Stone,10,IceOrgan,1,None,0,None,0,EPalEnergyType::None,0,313812849
ClothArmor,ClothArmor,1,2000.0,1,None,Cloth,2,None,0,None,0,None,0,None,0,EPalEnergyType::None,0,1583745397
ClothArmor_2,ClothArmor_2,1,8000.0,1,Blueprint_ClothArmor_2,Cloth,4,PalCrystal_Ex,1,None,0,None,0,None,0,EPalEnergyType::None,0,-261364720
ClothArmor_3,ClothArmor_3,1,16000.0,1,Blueprint_ClothArmor_3,Cloth,6,PalCrystal_Ex,2,None,0,None,0,None,0,EPalEnergyType::None,0,1745427427
ClothArmor_4,ClothArmor_4,1,32000.0,1,Blueprint_ClothArmor_4,Cloth,9,PalCrystal_Ex,4,None,0,None,0,None,0,EPalEnergyType::None,0,-463030665
ClothArmor_5,ClothArmor_5,1,64000.0,1,Blueprint_ClothArmor_5,Cloth,13,PalCrystal_Ex,10,None,0,None,0,None,0,EPalEnergyType::None,0,-302291400
ClothArmorHeat,ClothArmorHeat,1,4000.0,1,None,Cloth,3,FireOrgan,2,None,0,None,0,None,0,EPalEnergyType::None,0,-1873378430
ClothArmorHeat_2,ClothArmorHeat_2,1,16000.0,1,Blueprint_ClothArmorHeat_2,Cloth,6,FireOrgan,4,PalCrystal_Ex,2,None,0,None,0,EPalEnergyType::None,0,166913131
ClothArmorHeat_3,ClothArmorHeat_3,1,32000.0,1,Blueprint_ClothArmorHeat_3,Cloth,9,FireOrgan,6,PalCrystal_Ex,4,None,0,None,0,EPalEnergyType::None,0,-1904694621
ClothArmorHeat_4,ClothArmorHeat_4,1,64000.0,1,Blueprint_ClothArmorHeat_4,Cloth,13,FireOrgan,9,PalCrystal_Ex,6,None,0,None,0,EPalEnergyType::None,0,2036487108
ClothArmorHeat_5,ClothArmorHeat_5,1,128000.0,1,Blueprint_ClothArmorHeat_5,Cloth,19,FireOrgan,13,PalCrystal_Ex,12,None,0,None,0,EPalEnergyType::None,0,1490965461
ClothArmorCold,ClothArmorCold,1,4000.0,1,None,Cloth,3,IceOrgan,2,None,0,None,0,None,0,EPalEnergyType::None,0,-1748864206
ClothArmorCold_2,ClothArmorCold_2,1,16000.0,1,Blueprint_ClothArmorCold_2,Cloth,6,IceOrgan,4,PalCrystal_Ex,2,None,0,None,0,EPalEnergyType::None,0,788006782
ClothArmorCold_3,ClothArmorCold_3,1,32000.0,1,Blueprint_ClothArmorCold_3,Cloth,9,IceOrgan,6,PalCrystal_Ex,4,None,0,None,0,EPalEnergyType::None,0,-1843867889
ClothArmorCold_4,ClothArmorCold_4,1,64000.0,1,Blueprint_ClothArmorCold_4,Cloth,13,IceOrgan,9,PalCrystal_Ex,6,None,0,None,0,EPalEnergyType::None,0,-1883143934
ClothArmorCold_5,ClothArmorCold_5,1,128000.0,1,Blueprint_ClothArmorCold_5,Cloth,19,IceOrgan,13,PalCrystal_Ex,12,None,0,None,0,EPalEnergyType::None,0,1713589479
FurArmor,FurArmor,1,5000.0,1,None,Leather,10,None,0,None,0,None,0,None,0,EPalEnergyType::None,0,-396635798
FurArmor_2,FurArmor_2,1,20000.0,1,Blueprint_FurArmor_2,Leather,20,PalCrystal_Ex,3,None,0,None,0,None,0,EPalEnergyType::None,0,1779987907
FurArmor_3,FurArmor_3,1,40000.0,1,Blueprint_FurArmor_3,Leather,30,PalCrystal_Ex,5,None,0,None,0,None,0,EPalEnergyType::None,0,2129293398
FurArmor_4,FurArmor_4,1,80000.0,1,Blueprint_FurArmor_4,Leather,45,PalCrystal_Ex,7,None,0,None,0,None,0,EPalEnergyType::None,0,903664360
FurArmor_5,FurArmor_5,1,160000.0,1,Blueprint_FurArmor_5,Leather,67,PalCrystal_Ex,13,None,0,None,0,None,0,EPalEnergyType::None,0,1153822745
FurArmorHeat,FurArmorHeat,1,10000.0,1,None,Leather,15,FireOrgan,4,None,0,None,0,None,0,EPalEnergyType::None,0,-1794650438
FurArmorHeat_2,FurArmorHeat_2,1,40000.0,1,Blueprint_FurArmorHeat_2,Leather,30,FireOrgan,8,PalCrystal_Ex,4,None,0,None,0,EPalEnergyType::None,0,1145514645
FurArmorHeat_3,FurArmorHeat_3,1,80000.0,1,Blueprint_FurArmorHeat_3,Leather,45,FireOrgan,12,PalCrystal_Ex,6,None,0,None,0,EPalEnergyType::None,0,1461157770
FurArmorHeat_4,FurArmorHeat_4,1,160000.0,1,Blueprint_FurArmorHeat_4,Leather,67,FireOrgan,18,PalCrystal_Ex,8,None,0,None,0,EPalEnergyType::None,0,-721832229
FurArmorHeat_5,FurArmorHeat_5,1,320000.0,1,Blueprint_FurArmorHeat_5,Leather,100,FireOrgan,27,PalCrystal_Ex,14,None,0,None,0,EPalEnergyType::None,0,-2035767318
FurArmorCold,FurArmorCold,1,10000.0,1,None,Leather,15,IceOrgan,4,None,0,None,0,None,0,EPalEnergyType::None,0,2136824166
FurArmorCold_2,FurArmorCold_2,1,40000.0,1,Blueprint_FurArmorCold_2,Leather,30,IceOrgan,8,PalCrystal_Ex,4,None,0,None,0,EPalEnergyType::None,0,1126236644
FurArmorCold_3,FurArmorCold_3,1,80000.0,1,Blueprint_FurArmorCold_3,Leather,45,IceOrgan,12,PalCrystal_Ex,6,None,0,None,0,EPalEnergyType::None,0,-2035881752
FurArmorCold_4,FurArmorCold_4,1,160000.0,1,Blueprint_FurArmorCold_4,Leather,67,IceOrgan,18,PalCrystal_Ex,8,None,0,None,0,EPalEnergyType::None,0,1879335045
FurArmorCold_5,FurArmorCold_5,1,320000.0,1,Blueprint_FurArmorCold_5,Leather,100,IceOrgan,27,PalCrystal_Ex,14,None,0,None,0,EPalEnergyType::None,0,1510816708
CopperArmor,CopperArmor,1,20000.0,1,None,CopperIngot,30,Leather,10,Cloth,5,None,0,None,0,EPalEnergyType::None,0,-995193946
CopperArmor_2,CopperArmor_2,1,80000.0,1,Blueprint_CopperArmor_2,CopperIngot,60,Leather,20,Cloth,10,PalCrystal_Ex,4,None,0,EPalEnergyType::None,0,2047845429
CopperArmor_3,CopperArmor_3,1,160000.0,1,Blueprint_CopperArmor_3,CopperIngot,90,Leather,30,Cloth,15,PalCrystal_Ex,6,None,0,EPalEnergyType::None,0,-464924546
CopperArmor_4,CopperArmor_4,1,320000.0,1,Blueprint_CopperArmor_4,CopperIngot,135,Leather,45,Cloth,22,PalCrystal_Ex,8,None,0,EPalEnergyType::None,0,-169103021
CopperArmor_5,CopperArmor_5,1,640000.0,1,Blueprint_CopperArmor_5,CopperIngot,202,Leather,67,Cloth,33,PalCrystal_Ex,14,None,0,EPalEnergyType::None,0,1149246954
CopperArmorHeat,CopperArmorHeat,1,40000.0,1,None,CopperIngot,40,Leather,13,Cloth,8,FireOrgan,8,None,0,EPalEnergyType::None,0,308600871
CopperArmorHeat_2,CopperArmorHeat_2,1,160000.0,1,Blueprint_CopperArmorHeat_2,CopperIngot,80,Leather,26,Cloth,16,FireOrgan,16,PalCrystal_Ex,5,EPalEnergyType::None,0,-2107379995
CopperArmorHeat_3,CopperArmorHeat_3,1,320000.0,1,Blueprint_CopperArmorHeat_3,CopperIngot,120,Leather,39,Cloth,24,FireOrgan,24,PalCrystal_Ex,7,EPalEnergyType::None,0,279230448
CopperArmorHeat_4,CopperArmorHeat_4,1,640000.0,1,Blueprint_CopperArmorHeat_4,CopperIngot,180,Leather,58,Cloth,36,FireOrgan,36,PalCrystal_Ex,9,EPalEnergyType::None,0,-531208194
CopperArmorHeat_5,CopperArmorHeat_5,1,1280000.0,1,Blueprint_CopperArmorHeat_5,CopperIngot,270,Leather,87,Cloth,54,FireOrgan,54,PalCrystal_Ex,15,EPalEnergyType::None,0,745610740
CopperArmorCold,CopperArmorCold,1,40000.0,1,None,CopperIngot,40,Leather,13,Cloth,8,IceOrgan,8,None,0,EPalEnergyType::None,0,-1763422874
CopperArmorCold_2,CopperArmorCold_2,1,160000.0,1,Blueprint_CopperArmorCold_2,CopperIngot,80,Leather,26,Cloth,16,IceOrgan,16,PalCrystal_Ex,5,EPalEnergyType::None,0,883371288
CopperArmorCold_3,CopperArmorCold_3,1,320000.0,1,Blueprint_CopperArmorCold_3,CopperIngot,120,Leather,39,Cloth,24,IceOrgan,24,PalCrystal_Ex,7,EPalEnergyType::None,0,1319207197
CopperArmorCold_4,CopperArmorCold_4,1,640000.0,1,Blueprint_CopperArmorCold_4,CopperIngot,180,Leather,58,Cloth,36,IceOrgan,36,PalCrystal_Ex,9,EPalEnergyType::None,0,-1888300810
CopperArmorCold_5,CopperArmorCold_5,1,1280000.0,1,Blueprint_CopperArmorCold_5,CopperIngot,270,Leather,87,Cloth,54,IceOrgan,54,PalCrystal_Ex,15,EPalEnergyType::None,0,2030191190
IronArmor,IronArmor,1,50000.0,1,None,IronIngot,30,Leather,15,Cloth2,2,None,0,None,0,EPalEnergyType::None,0,278916406
IronArmor_2,IronArmor_2,1,200000.0,1,Blueprint_IronArmor_2,IronIngot,60,Leather,30,Cloth2,4,PalCrystal_Ex,6,None,0,EPalEnergyType::None,0,-703345036
IronArmor_3,IronArmor_3,1,400000.0,1,Blueprint_IronArmor_3,IronIngot,90,Leather,45,Cloth2,6,PalCrystal_Ex,8,None,0,EPalEnergyType::None,0,-19579752
IronArmor_4,IronArmor_4,1,800000.0,1,Blueprint_IronArmor_4,IronIngot,135,Leather,67,Cloth2,9,PalCrystal_Ex,10,None,0,EPalEnergyType::None,0,-1026153533
IronArmor_5,IronArmor_5,1,1600000.0,1,Blueprint_IronArmor_5,IronIngot,202,Leather,100,Cloth2,13,PalCrystal_Ex,16,None,0,EPalEnergyType::None,0,-347258879
IronArmorHeat,IronArmorHeat,1,70000.0,1,None,IronIngot,40,Leather,20,Cloth2,3,FireOrgan,12,None,0,EPalEnergyType::None,0,-270349220
IronArmorHeat_2,IronArmorHeat_2,1,280000.0,1,Blueprint_IronArmorHeat_2,IronIngot,80,Leather,40,Cloth2,6,FireOrgan,24,PalCrystal_Ex,7,EPalEnergyType::None,0,225696742
IronArmorHeat_3,IronArmorHeat_3,1,560000.0,1,Blueprint_IronArmorHeat_3,IronIngot,120,Leather,60,Cloth2,9,FireOrgan,36,PalCrystal_Ex,9,EPalEnergyType::None,0,-1288485670
IronArmorHeat_4,IronArmorHeat_4,1,1120000.0,1,Blueprint_IronArmorHeat_4,IronIngot,180,Leather,90,Cloth2,13,FireOrgan,54,PalCrystal_Ex,11,EPalEnergyType::None,0,-2114539099
IronArmorHeat_5,IronArmorHeat_5,1,2240000.0,1,Blueprint_IronArmorHeat_5,IronIngot,270,Leather,135,Cloth2,19,FireOrgan,81,PalCrystal_Ex,17,EPalEnergyType::None,0,1915203386
IronArmorCold,IronArmorCold,1,70000.0,1,None,IronIngot,40,Leather,20,Cloth2,3,IceOrgan,12,None,0,EPalEnergyType::None,0,1935204161
IronArmorCold_2,IronArmorCold_2,1,280000.0,1,Blueprint_IronArmorCold_2,IronIngot,80,Leather,40,Cloth2,6,IceOrgan,24,PalCrystal_Ex,7,EPalEnergyType::None,0,1015328245
IronArmorCold_3,IronArmorCold_3,1,560000.0,1,Blueprint_IronArmorCold_3,IronIngot,120,Leather,60,Cloth2,9,IceOrgan,36,PalCrystal_Ex,9,EPalEnergyType::None,0,-378681813
IronArmorCold_4,IronArmorCold_4,1,1120000.0,1,Blueprint_IronArmorCold_4,IronIngot,180,Leather,90,Cloth2,13,IceOrgan,54,PalCrystal_Ex,11,EPalEnergyType::None,0,-403307111
IronArmorCold_5,IronArmorCold_5,1,2240000.0,1,Blueprint_IronArmorCold_5,IronIngot,270,Leather,135,Cloth2,19,IceOrgan,81,PalCrystal_Ex,17,EPalEnergyType::None,0,1310895507
StealArmor,StealArmor,1,150000.0,1,None,StealIngot,20,Leather,20,Cloth2,4,None,0,None,0,EPalEnergyType::None,0,-293640027
StealArmor_2,StealArmor_2,1,600000.0,1,Blueprint_StealArmor_2,StealIngot,40,Leather,40,Cloth2,8,PalCrystal_Ex,8,None,0,EPalEnergyType::None,0,889700138
StealArmor_3,StealArmor_3,1,1200000.0,1,Blueprint_StealArmor_3,StealIngot,60,Leather,60,Cloth2,12,PalCrystal_Ex,10,None,0,EPalEnergyType::None,0,-1629579286
StealArmor_4,StealArmor_4,1,2400000.0,1,Blueprint_StealArmor_4,StealIngot,90,Leather,90,Cloth2,18,PalCrystal_Ex,12,None,0,EPalEnergyType::None,0,2071189220
StealArmor_5,StealArmor_5,1,4800000.0,1,Blueprint_StealArmor_5,StealIngot,135,Leather,135,Cloth2,27,PalCrystal_Ex,18,None,0,EPalEnergyType::None,0,1276367745
StealArmorHeat,StealArmorHeat,1,200000.0,1,None,StealIngot,30,Leather,30,Cloth2,6,FireOrgan,16,None,0,EPalEnergyType::None,0,-1767612038
StealArmorHeat_2,StealArmorHeat_2,1,800000.0,1,Blueprint_StealArmorHeat_2,StealIngot,60,Leather,60,Cloth2,12,FireOrgan,32,PalCrystal_Ex,9,EPalEnergyType::None,0,2120694838
StealArmorHeat_3,StealArmorHeat_3,1,1600000.0,1,Blueprint_StealArmorHeat_3,StealIngot,90,Leather,90,Cloth2,18,FireOrgan,48,PalCrystal_Ex,11,EPalEnergyType::None,0,701015212
StealArmorHeat_4,StealArmorHeat_4,1,3200000.0,1,Blueprint_StealArmorHeat_4,StealIngot,135,Leather,135,Cloth2,27,FireOrgan,72,PalCrystal_Ex,13,EPalEnergyType::None,0,1147023073
StealArmorHeat_5,StealArmorHeat_5,1,6400000.0,1,Blueprint_StealArmorHeat_5,StealIngot,202,Leather,202,Cloth2,40,FireOrgan,108,PalCrystal_Ex,19,EPalEnergyType::None,0,-1666205826
StealArmorCold,StealArmorCold,1,200000.0,1,None,StealIngot,30,Leather,30,Cloth2,6,IceOrgan,16,None,0,EPalEnergyType::None,0,714562082
StealArmorCold_2,StealArmorCold_2,1,800000.0,1,Blueprint_StealArmorCold_2,StealIngot,60,Leather,60,Cloth2,12,IceOrgan,32,PalCrystal_Ex,9,EPalEnergyType::None,0,-1374360806
StealArmorCold_3,StealArmorCold_3,1,1600000.0,1,Blueprint_StealArmorCold_3,StealIngot,90,Leather,90,Cloth2,18,IceOrgan,48,PalCrystal_Ex,11,EPalEnergyType::None,0,1877733201
StealArmorCold_4,StealArmorCold_4,1,3200000.0,1,Blueprint_StealArmorCold_4,StealIngot,135,Leather,135,Cloth2,27,IceOrgan,72,PalCrystal_Ex,13,EPalEnergyType::None,0,1719643692
StealArmorCold_5,StealArmorCold_5,1,6400000.0,1,Blueprint_StealArmorCold_5,StealIngot,202,Leather,202,Cloth2,40,IceOrgan,108,PalCrystal_Ex,19,EPalEnergyType::None,0,-1370173748
FurHelmet,FurHelmet,1,3000.0,1,None,Fiber,10,Pal_crystal_S,5,None,0,None,0,None,0,EPalEnergyType::None,0,-236304455
FurHelmet_2,FurHelmet_2,1,12000.0,1,Blueprint_FurHelmet_2,Fiber,20,Pal_crystal_S,10,PalCrystal_Ex,3,None,0,None,0,EPalEnergyType::None,0,1188735669
FurHelmet_3,FurHelmet_3,1,24000.0,1,Blueprint_FurHelmet_3,Fiber,30,Pal_crystal_S,15,PalCrystal_Ex,5,None,0,None,0,EPalEnergyType::None,0,1087611767
FurHelmet_4,FurHelmet_4,1,48000.0,1,Blueprint_FurHelmet_4,Fiber,45,Pal_crystal_S,22,PalCrystal_Ex,7,None,0,None,0,EPalEnergyType::None,0,-715380908
FurHelmet_5,FurHelmet_5,1,96000.0,1,Blueprint_FurHelmet_5,Fiber,67,Pal_crystal_S,33,PalCrystal_Ex,13,None,0,None,0,EPalEnergyType::None,0,1465097774
CopperHelmet,CopperHelmet,1,15000.0,1,None,CopperIngot,20,Pal_crystal_S,10,None,0,None,0,None,0,EPalEnergyType::None,0,-1059407118
CopperHelmet_2,CopperHelmet_2,1,60000.0,1,Blueprint_CopperHelmet_2,CopperIngot,40,Pal_crystal_S,20,PalCrystal_Ex,4,None,0,None,0,EPalEnergyType::None,0,-345545876
CopperHelmet_3,CopperHelmet_3,1,120000.0,1,Blueprint_CopperHelmet_3,CopperIngot,60,Pal_crystal_S,30,PalCrystal_Ex,6,None,0,None,0,EPalEnergyType::None,0,1830999696
CopperHelmet_4,CopperHelmet_4,1,240000.0,1,Blueprint_CopperHelmet_4,CopperIngot,90,Pal_crystal_S,45,PalCrystal_Ex,8,None,0,None,0,EPalEnergyType::None,0,-656888781
CopperHelmet_5,CopperHelmet_5,1,480000.0,1,Blueprint_CopperHelmet_5,CopperIngot,135,Pal_crystal_S,67,PalCrystal_Ex,14,None,0,None,0,EPalEnergyType::None,0,-618416383
IronHelmet,IronHelmet,1,40000.0,1,None,IronIngot,20,Pal_crystal_S,15,None,0,None,0,None,0,EPalEnergyType::None,0,-1885793536
IronHelmet_2,IronHelmet_2,1,160000.0,1,Blueprint_IronHelmet_2,IronIngot,40,Pal_crystal_S,30,PalCrystal_Ex,7,None,0,None,0,EPalEnergyType::None,0,-1656135085
IronHelmet_3,IronHelmet_3,1,320000.0,1,Blueprint_IronHelmet_3,IronIngot,60,Pal_crystal_S,45,PalCrystal_Ex,9,None,0,None,0,EPalEnergyType::None,0,-79330542
IronHelmet_4,IronHelmet_4,1,640000.0,1,Blueprint_IronHelmet_4,IronIngot,90,Pal_crystal_S,67,PalCrystal_Ex,11,None,0,None,0,EPalEnergyType::None,0,-159963522
IronHelmet_5,IronHelmet_5,1,1280000.0,1,Blueprint_IronHelmet_5,IronIngot,135,Pal_crystal_S,100,PalCrystal_Ex,17,None,0,None,0,EPalEnergyType::None,0,486657514
StealHelmet,StealHelmet,1,120000.0,1,None,StealIngot,20,Pal_crystal_S,20,None,0,None,0,None,0,EPalEnergyType::None,0,-682949111
StealHelmet_2,StealHelmet_2,1,480000.0,1,Blueprint_StealHelmet_2,StealIngot,40,Pal_crystal_S,40,PalCrystal_Ex,9,None,0,None,0,EPalEnergyType::None,0,-1292327958
StealHelmet_3,StealHelmet_3,1,960000.0,1,Blueprint_StealHelmet_3,StealIngot,60,Pal_crystal_S,60,PalCrystal_Ex,11,None,0,None,0,EPalEnergyType::None,0,-99307711
StealHelmet_4,StealHelmet_4,1,1920000.0,1,Blueprint_StealHelmet_4,StealIngot,90,Pal_crystal_S,90,PalCrystal_Ex,13,None,0,None,0,EPalEnergyType::None,0,-1640885506
StealHelmet_5,StealHelmet_5,1,3840000.0,1,Blueprint_StealHelmet_5,StealIngot,135,Pal_crystal_S,135,PalCrystal_Ex,19,None,0,None,0,EPalEnergyType::None,0,2098062036
Head001_1,Head001,1,15000.0,1,Blueprint_Head001_1,CopperIngot,20,Cloth,3,None,0,None,0,None,0,EPalEnergyType::None,0,-96065357
Head001_2,Head001_2,1,30000.0,1,Blueprint_Head001_2,CopperIngot,30,Cloth,4,PalCrystal_Ex,4,None,0,None,0,EPalEnergyType::None,0,1263337336
Head001_3,Head001_3,1,60000.0,1,Blueprint_Head001_3,CopperIngot,45,Cloth,6,PalCrystal_Ex,6,None,0,None,0,EPalEnergyType::None,0,-1778300788
Head001_4,Head001_4,1,120000.0,1,Blueprint_Head001_4,CopperIngot,67,Cloth,9,PalCrystal_Ex,8,None,0,None,0,EPalEnergyType::None,0,2134991527
Head001_5,Head001_5,1,240000.0,1,Blueprint_Head001_5,CopperIngot,100,Cloth,13,PalCrystal_Ex,14,None,0,None,0,EPalEnergyType::None,0,-692429448
Head002_1,Head002,1,15000.0,1,Blueprint_Head002_1,CopperIngot,25,None,0,None,0,None,0,None,0,EPalEnergyType::None,0,-1572551720
Head002_2,Head002_2,1,30000.0,1,Blueprint_Head002_2,CopperIngot,37,PalCrystal_Ex,4,None,0,None,0,None,0,EPalEnergyType::None,0,-1592962065
Head002_3,Head002_3,1,60000.0,1,Blueprint_Head002_3,CopperIngot,55,PalCrystal_Ex,6,None,0,None,0,None,0,EPalEnergyType::None,0,-2101679878
Head002_4,Head002_4,1,120000.0,1,Blueprint_Head002_4,CopperIngot,82,PalCrystal_Ex,8,None,0,None,0,None,0,EPalEnergyType::None,0,-818867170
Head002_5,Head002_5,1,240000.0,1,Blueprint_Head002_5,CopperIngot,123,PalCrystal_Ex,14,None,0,None,0,None,0,EPalEnergyType::None,0,-48513548
Head003_1,Head003,1,10000.0,1,Blueprint_Head003_1,Cloth,12,CopperIngot,2,None,0,None,0,None,0,EPalEnergyType::None,0,-481582007
Head003_2,Head003_2,1,20000.0,1,Blueprint_Head003_2,Cloth,18,CopperIngot,3,PalCrystal_Ex,4,None,0,None,0,EPalEnergyType::None,0,189756822
Head003_3,Head003_3,1,40000.0,1,Blueprint_Head003_3,Cloth,27,CopperIngot,4,PalCrystal_Ex,6,None,0,None,0,EPalEnergyType::None,0,305812646
Head003_4,Head003_4,1,80000.0,1,Blueprint_Head003_4,Cloth,40,CopperIngot,6,PalCrystal_Ex,8,None,0,None,0,EPalEnergyType::None,0,-874307698
Head003_5,Head003_5,1,160000.0,1,Blueprint_Head003_5,Cloth,60,CopperIngot,9,PalCrystal_Ex,14,None,0,None,0,EPalEnergyType::None,0,-1658395483
Head004_1,Head004,1,10000.0,1,Blueprint_Head004_1,Cloth,10,CopperIngot,3,None,0,None,0,None,0,EPalEnergyType::None,0,-1041562015
Head004_2,Head004_2,1,20000.0,1,Blueprint_Head004_2,Cloth,15,CopperIngot,4,PalCrystal_Ex,4,None,0,None,0,EPalEnergyType::None,0,-1748023206
Head004_3,Head004_3,1,40000.0,1,Blueprint_Head004_3,Cloth,22,CopperIngot,6,PalCrystal_Ex,6,None,0,None,0,EPalEnergyType::None,0,305697749
Head004_4,Head004_4,1,80000.0,1,Blueprint_Head004_4,Cloth,33,CopperIngot,9,PalCrystal_Ex,8,None,0,None,0,EPalEnergyType::None,0,623286405
Head004_5,Head004_5,1,160000.0,1,Blueprint_Head004_5,Cloth,49,CopperIngot,13,PalCrystal_Ex,14,None,0,None,0,EPalEnergyType::None,0,469827177
Head005_1,Head005,1,12000.0,1,Blueprint_Head005_1,Cloth,10,Fiber,10,None,0,None,0,None,0,EPalEnergyType::None,0,576581743
Head005_2,Head005_2,1,24000.0,1,Blueprint_Head005_2,Cloth,15,Fiber,15,PalCrystal_Ex,4,None,0,None,0,EPalEnergyType::None,0,378110982
Head005_3,Head005_3,1,48000.0,1,Blueprint_Head005_3,Cloth,22,Fiber,22,PalCrystal_Ex,6,None,0,None,0,EPalEnergyType::None,0,929303953
Head005_4,Head005_4,1,96000.0,1,Blueprint_Head005_4,Cloth,33,Fiber,33,PalCrystal_Ex,8,None,0,None,0,EPalEnergyType::None,0,124699772
Head005_5,Head005_5,1,192000.0,1,Blueprint_Head005_5,Cloth,49,Fiber,49,PalCrystal_Ex,14,None,0,None,0,EPalEnergyType::None,0,-1729896014
Head006_1,Head006,1,15000.0,1,Blueprint_Head006_1,CopperIngot,20,Wool,5,None,0,None,0,None,0,EPalEnergyType::None,0,-1078980484
Head006_2,Head006_2,1,30000.0,1,Blueprint_Head006_2,CopperIngot,30,Wool,7,PalCrystal_Ex,4,None,0,None,0,EPalEnergyType::None,0,1040211290
Head006_3,Head006_3,1,60000.0,1,Blueprint_Head006_3,CopperIngot,45,Wool,10,PalCrystal_Ex,6,None,0,None,0,EPalEnergyType::None,0,1157160044
Head006_4,Head006_4,1,120000.0,1,Blueprint_Head006_4,CopperIngot,67,Wool,15,PalCrystal_Ex,8,None,0,None,0,EPalEnergyType::None,0,1549772827
Head006_5,Head006_5,1,240000.0,1,Blueprint_Head006_5,CopperIngot,100,Wool,22,PalCrystal_Ex,14,None,0,None,0,EPalEnergyType::None,0,162505436
Head007_1,Head007,1,12000.0,1,Blueprint_Head007_1,Cloth,15,None,0,None,0,None,0,None,0,EPalEnergyType::None,0,1780726729
Head007_2,Head007_2,1,24000.0,1,Blueprint_Head007_2,Cloth,22,PalCrystal_Ex,4,None,0,None,0,None,0,EPalEnergyType::None,0,1719914669
Head007_3,Head007_3,1,48000.0,1,Blueprint_Head007_3,Cloth,33,PalCrystal_Ex,6,None,0,None,0,None,0,EPalEnergyType::None,0,-1693760736
Head007_4,Head007_4,1,96000.0,1,Blueprint_Head007_4,Cloth,49,PalCrystal_Ex,8,None,0,None,0,None,0,EPalEnergyType::None,0,-1042493731
Head007_5,Head007_5,1,192000.0,1,Blueprint_Head007_5,Cloth,73,PalCrystal_Ex,14,None,0,None,0,None,0,EPalEnergyType::None,0,-1780138932
Head008_1,Head008,1,12000.0,1,Blueprint_Head008_1,Leather,10,None,0,None,0,None,0,None,0,EPalEnergyType::None,0,1523494840
Head008_2,Head008_2,1,24000.0,1,Blueprint_Head008_2,Leather,15,PalCrystal_Ex,4,None,0,None,0,None,0,EPalEnergyType::None,0,-681322163
Head008_3,Head008_3,1,48000.0,1,Blueprint_Head008_3,Leather,22,PalCrystal_Ex,6,None,0,None,0,None,0,EPalEnergyType::None,0,1217360284
Head008_4,Head008_4,1,96000.0,1,Blueprint_Head008_4,Leather,33,PalCrystal_Ex,8,None,0,None,0,None,0,EPalEnergyType::None,0,163292891
Head008_5,Head008_5,1,192000.0,1,Blueprint_Head008_5,Leather,49,PalCrystal_Ex,14,None,0,None,0,None,0,EPalEnergyType::None,0,1748653027
Head009_1,Head009,1,12000.0,1,Blueprint_Head009_1,Cloth,10,Leather,3,CopperIngot,2,None,0,None,0,EPalEnergyType::None,0,1651938188
Head009_2,Head009_2,1,24000.0,1,Blueprint_Head009_2,Cloth,15,Leather,4,CopperIngot,3,PalCrystal_Ex,4,None,0,EPalEnergyType::None,0,60703262
Head009_3,Head009_3,1,48000.0,1,Blueprint_Head009_3,Cloth,22,Leather,6,CopperIngot,4,PalCrystal_Ex,6,None,0,EPalEnergyType::None,0,1074558340
Head009_4,Head009_4,1,96000.0,1,Blueprint_Head009_4,Cloth,33,Leather,9,CopperIngot,6,PalCrystal_Ex,8,None,0,EPalEnergyType::None,0,1460506372
Head009_5,Head009_5,1,192000.0,1,Blueprint_Head009_5,Cloth,49,Leather,13,CopperIngot,9,PalCrystal_Ex,14,None,0,EPalEnergyType::None,0,-288372060
Head010_1,Head010,1,15000.0,1,Blueprint_Head010_1,Cloth,20,Fiber,10,None,0,None,0,None,0,EPalEnergyType::None,0,-854391369
Head010_2,Head010_2,1,30000.0,1,Blueprint_Head010_2,Cloth,30,Fiber,15,PalCrystal_Ex,4,None,0,None,0,EPalEnergyType::None,0,-772818457
Head010_3,Head010_3,1,60000.0,1,Blueprint_Head010_3,Cloth,45,Fiber,22,PalCrystal_Ex,6,None,0,None,0,EPalEnergyType::None,0,-947379932
Head010_4,Head010_4,1,120000.0,1,Blueprint_Head010_4,Cloth,67,Fiber,33,PalCrystal_Ex,8,None,0,None,0,EPalEnergyType::None,0,1613341687
Head010_5,Head010_5,1,240000.0,1,Blueprint_Head010_5,Cloth,100,Fiber,49,PalCrystal_Ex,14,None,0,None,0,EPalEnergyType::None,0,-1205662276
Head011_1,Head011,1,10000.0,1,Blueprint_Head011_1,Fiber,30,Wood,10,None,0,None,0,None,0,EPalEnergyType::None,0,-2047114158
Head011_2,Head011_2,1,20000.0,1,Blueprint_Head011_2,Fiber,45,Wood,15,PalCrystal_Ex,4,None,0,None,0,EPalEnergyType::None,0,-1364224881
Head011_3,Head011_3,1,40000.0,1,Blueprint_Head011_3,Fiber,67,Wood,22,PalCrystal_Ex,6,None,0,None,0,EPalEnergyType::None,0,-1717106574
Head011_4,Head011_4,1,80000.0,1,Blueprint_Head011_4,Fiber,100,Wood,33,PalCrystal_Ex,8,None,0,None,0,EPalEnergyType::None,0,462984432
Head011_5,Head011_5,1,160000.0,1,Blueprint_Head011_5,Fiber,150,Wood,49,PalCrystal_Ex,14,None,0,None,0,EPalEnergyType::None,0,-1645482461
Head012_1,Head012,1,10000.0,1,Blueprint_Head012_1,Cloth,15,None,0,None,0,None,0,None,0,EPalEnergyType::None,0,-678241457
Head012_2,Head012_2,1,20000.0,1,Blueprint_Head012_2,Cloth,22,PalCrystal_Ex,4,None,0,None,0,None,0,EPalEnergyType::None,0,185259192
Head012_3,Head012_3,1,40000.0,1,Blueprint_Head012_3,Cloth,33,PalCrystal_Ex,6,None,0,None,0,None,0,EPalEnergyType::None,0,318442200
Head012_4,Head012_4,1,80000.0,1,Blueprint_Head012_4,Cloth,49,PalCrystal_Ex,8,None,0,None,0,None,0,EPalEnergyType::None,0,-3466177
Head012_5,Head012_5,1,160000.0,1,Blueprint_Head012_5,Cloth,73,PalCrystal_Ex,14,None,0,None,0,None,0,EPalEnergyType::None,0,1566766524
Head013_1,Head013,1,10000.0,1,Blueprint_Head013_1,PalItem_ColorfulBird,5,None,0,None,0,None,0,None,0,EPalEnergyType::None,0,-1769227178
Head013_2,Head013_2,1,20000.0,1,Blueprint_Head013_2,PalItem_ColorfulBird,7,PalCrystal_Ex,4,None,0,None,0,None,0,EPalEnergyType::None,0,-1896395249
Head013_3,Head013_3,1,40000.0,1,Blueprint_Head013_3,PalItem_ColorfulBird,10,PalCrystal_Ex,6,None,0,None,0,None,0,EPalEnergyType::None,0,-1009217981
Head013_4,Head013_4,1,80000.0,1,Blueprint_Head013_4,PalItem_ColorfulBird,15,PalCrystal_Ex,8,None,0,None,0,None,0,EPalEnergyType::None,0,496709838
Head013_5,Head013_5,1,160000.0,1,Blueprint_Head013_5,PalItem_ColorfulBird,22,PalCrystal_Ex,14,None,0,None,0,None,0,EPalEnergyType::None,0,-2118381698
Head014_1,Head014,1,10000.0,1,Blueprint_Head014_1,PalItem_ColorfulBird,5,None,0,None,0,None,0,None,0,EPalEnergyType::None,0,1982765513
Head014_2,Head014_2,1,20000.0,1,Blueprint_Head014_2,PalItem_ColorfulBird,7,PalCrystal_Ex,4,None,0,None,0,None,0,EPalEnergyType::None,0,-1494027646
Head014_3,Head014_3,1,40000.0,1,Blueprint_Head014_3,PalItem_ColorfulBird,10,PalCrystal_Ex,6,None,0,None,0,None,0,EPalEnergyType::None,0,282901765
Head014_4,Head014_4,1,80000.0,1,Blueprint_Head014_4,PalItem_ColorfulBird,15,PalCrystal_Ex,8,None,0,None,0,None,0,EPalEnergyType::None,0,-400083521
Head014_5,Head014_5,1,160000.0,1,Blueprint_Head014_5,PalItem_ColorfulBird,22,PalCrystal_Ex,14,None,0,None,0,None,0,EPalEnergyType::None,0,-636301230
Head015_1,Head015,1,10000.0,1,Blueprint_Head015_1,PalItem_PlantSlime,5,None,0,None,0,None,0,None,0,EPalEnergyType::None,0,2099819238
Head015_2,Head015_2,1,20000.0,1,Blueprint_Head015_2,PalItem_PlantSlime,7,PalCrystal_Ex,4,None,0,None,0,None,0,EPalEnergyType::None,0,-1057989391
Head015_3,Head015_3,1,40000.0,1,Blueprint_Head015_3,PalItem_PlantSlime,10,PalCrystal_Ex,6,None,0,None,0,None,0,EPalEnergyType::None,0,-1090353833
Head015_4,Head015_4,1,80000.0,1,Blueprint_Head015_4,PalItem_PlantSlime,15,PalCrystal_Ex,8,None,0,None,0,None,0,EPalEnergyType::None,0,-1869555840
Head015_5,Head015_5,1,160000.0,1,Blueprint_Head015_5,PalItem_PlantSlime,22,PalCrystal_Ex,14,None,0,None,0,None,0,EPalEnergyType::None,0,-728837074
Head016_1,Head016,1,10000.0,1,Blueprint_Head016_1,PalItem_CaptainPenguin,5,None,0,None,0,None,0,None,0,EPalEnergyType::None,0,789930895
Head016_2,Head016_2,1,20000.0,1,Blueprint_Head016_2,PalItem_CaptainPenguin,7,PalCrystal_Ex,4,None,0,None,0,None,0,EPalEnergyType::None,0,1214160040
Head016_3,Head016_3,1,40000.0,1,Blueprint_Head016_3,PalItem_CaptainPenguin,10,PalCrystal_Ex,6,None,0,None,0,None,0,EPalEnergyType::None,0,1561836227
Head016_4,Head016_4,1,80000.0,1,Blueprint_Head016_4,PalItem_CaptainPenguin,15,PalCrystal_Ex,8,None,0,None,0,None,0,EPalEnergyType::None,0,-1112252428
Head016_5,Head016_5,1,160000.0,1,Blueprint_Head016_5,PalItem_CaptainPenguin,22,PalCrystal_Ex,14,None,0,None,0,None,0,EPalEnergyType::None,0,1693174460
Head017_1,Head017,1,10000.0,1,Blueprint_Head017_1,PalItem_CatMage,5,None,0,None,0,None,0,None,0,EPalEnergyType::None,0,1589796675
Head017_2,Head017_2,1,20000.0,1,Blueprint_Head017_2,PalItem_CatMage,7,PalCrystal_Ex,4,None,0,None,0,None,0,EPalEnergyType::None,0,-1744222245
Head017_3,Head017_3,1,40000.0,1,Blueprint_Head017_3,PalItem_CatMage,10,PalCrystal_Ex,6,None,0,None,0,None,0,EPalEnergyType::None,0,-1716285835
Head017_4,Head017_4,1,80000.0,1,Blueprint_Head017_4,PalItem_CatMage,15,PalCrystal_Ex,8,None,0,None,0,None,0,EPalEnergyType::None,0,935593483
Head017_5,Head017_5,1,160000.0,1,Blueprint_Head017_5,PalItem_CatMage,22,PalCrystal_Ex,14,None,0,None,0,None,0,EPalEnergyType::None,0,506293834
Arrow,Arrow,3,1000.0,1,None,Wood,1,Stone,1,None,0,None,0,None,0,EPalEnergyType::None,0,-1257143899
Arrow_Fire,Arrow_Fire,5,4000.0,1,None,Wood,3,Stone,3,FireOrgan,1,None,0,None,0,EPalEnergyType::None,0,-1609926899
Arrow_Poison,Arrow_Poison,5,4000.0,1,None,Wood,3,Stone,3,Venom,1,None,0,None,0,EPalEnergyType::None,0,-1287465056
RoughBullet,RoughBullet,10,25000.0,1,None,CopperIngot,1,Gunpowder2,1,None,0,None,0,None,0,EPalEnergyType::None,0,-896122639
HandgunBullet,HandgunBullet,5,25000.0,1,None,CopperIngot,1,Gunpowder2,1,None,0,None,0,None,0,EPalEnergyType::None,0,-1159120717
RifleBullet,RifleBullet,5,40000.0,1,None,IronIngot,1,Gunpowder2,2,None,0,None,0,None,0,EPalEnergyType::None,0,1169672093
ShotgunBullet,ShotgunBullet,5,50000.0,1,None,IronIngot,1,Gunpowder2,3,None,0,None,0,None,0,EPalEnergyType::None,0,331150217
AssaultRifleBullet,AssaultRifleBullet,5,40000.0,1,None,IronIngot,1,Gunpowder2,2,None,0,None,0,None,0,EPalEnergyType::None,0,1457668376
ExplosiveBullet,ExplosiveBullet,1,50000.0,1,None,StealIngot,1,Gunpowder2,5,None,0,None,0,None,0,EPalEnergyType::None,0,-166897124
InkBullet,InkBullet,10,500.0,1,None,PalFluid,1,PalOil,1,None,0,None,0,None,0,EPalEnergyType::None,0,1552603780
Shield_01,Shield_01,1,3000.0,1,None,Pal_crystal_S,10,Wood,20,stone,20,Fiber,10,None,0,EPalEnergyType::None,0,1832027773
Shield_02,Shield_02,1,10000.0,1,None,PalCrystal_Ex,5,Pal_crystal_S,30,None,0,None,0,None,0,EPalEnergyType::None,0,1956958025
Shield_03,Shield_03,1,40000.0,1,None,PalCrystal_Ex,15,Pal_crystal_S,50,None,0,None,0,None,0,EPalEnergyType::None,0,1263029342
Shield_04,Shield_04,1,150000.0,1,None,PalCrystal_Ex,30,Pal_crystal_S,100,None,0,None,0,None,0,EPalEnergyType::None,0,-1779967633
Glider_Old,Glider_Old,1,4000.0,1,None,Wood,10,Cloth,2,None,0,None,0,None,0,EPalEnergyType::None,0,-877726290
Glider_Good,Glider_Good,1,15000.0,1,None,Wood,50,Bone,10,cloth,20,None,0,None,0,EPalEnergyType::None,0,1206439121
Glider_Super,Glider_Super,1,50000.0,1,None,IronIngot,20,Wood,100,CarbonFiber,20,cloth2,10,None,0,EPalEnergyType::None,0,1821414784
Lantern,Lantern,1,3000.0,1,None,CopperIngot,20,Wood,10,FireOrgan,10,PalCrystal_Ex,10,None,0,EPalEnergyType::None,0,-822739202
AutoMealPouch_Tier1,AutoMealPouch_Tier1,1,2000.0,1,None,Wood,5,Fiber,10,Leather,3,None,0,None,0,EPalEnergyType::None,0,1355063123
AutoMealPouch_Tier2,AutoMealPouch_Tier2,1,8000.0,1,None,Wood,10,Fiber,30,Leather,10,None,0,None,0,EPalEnergyType::None,0,663415926
AutoMealPouch_Tier3,AutoMealPouch_Tier3,1,30000.0,1,None,Wood,20,Fiber,50,Leather,20,None,0,None,0,EPalEnergyType::None,0,245935962
AutoMealPouch_Tier4,AutoMealPouch_Tier4,1,80000.0,1,None,Wood,30,Fiber,90,Leather,35,CarbonFiber,10,None,0,EPalEnergyType::None,0,1011741719
AutoMealPouch_Tier5,AutoMealPouch_Tier5,1,200000.0,1,None,Wood,50,Fiber,200,Leather,50,CarbonFiber,20,None,0,EPalEnergyType::None,0,-8464671
Cloth,Cloth,1,500.0,1,None,Wool,2,None,0,None,0,None,0,None,0,EPalEnergyType::None,0,1400163061
Cloth2,Cloth2,1,5000.0,1,None,Wool,10,None,0,None,0,None,0,None,0,EPalEnergyType::None,0,-1351565177
Gunpowder2,Gunpowder2,1,3000.0,1,None,Charcoal,2,Sulfur,1,None,0,None,0,None,0,EPalEnergyType::None,0,-737703170
Charcoal,Charcoal,1,1000.0,1,None,Wood,2,None,0,None,0,None,0,None,0,EPalEnergyType::None,0,258984991
MachineParts,MachineParts,2,3000.0,1,None,CopperIngot,1,None,0,None,0,None,0,None,0,EPalEnergyType::None,0,434410668
MachineParts2,MachineParts2,1,30000.0,1,None,Quartz,4,Polymer,2,None,0,None,0,None,0,EPalEnergyType::None,0,-1234614898
Polymer,Polymer,1,10000.0,1,None,PalOil,2,None,0,None,0,None,0,None,0,EPalEnergyType::None,0,-1604333243
Cement,Cement,10,30000.0,1,None,Stone,50,Bone,1,PalFluid,1,None,0,None,0,EPalEnergyType::None,0,-1186901524
CarbonFiber,CarbonFiber,1,10000.0,1,None,Coal,2,None,0,None,0,None,0,None,0,EPalEnergyType::None,0,240558571
CarbonFiber2,CarbonFiber,1,10000.0,1,None,Charcoal,5,None,0,None,0,None,0,None,0,EPalEnergyType::None,0,-1659987761
RepairKit,RepairKit,1,500.0,1,None,Fiber,5,Stone,5,None,0,None,0,None,0,EPalEnergyType::None,0,413555133
CopperIngot,CopperIngot,1,1000.0,1,None,CopperOre,2,None,0,None,0,None,0,None,0,EPalEnergyType::None,0,-762426170
IronIngot,IronIngot,1,7000.0,1,None,CopperOre,2,Coal,2,None,0,None,0,None,0,EPalEnergyType::None,0,-1925408434
StealIngot,StealIngot,1,50000.0,1,None,CopperOre,4,Pal_crystal_S,2,None,0,None,0,None,0,EPalEnergyType::None,0,-343600323
Herbs,Herbs,1,5000.0,1,None,Berries,5,Horn,2,None,0,None,0,None,0,EPalEnergyType::None,0,-549119904
Medicines,Medicines,1,15000.0,1,None,CopperIngot,3,Horn,3,Bone,1,None,0,None,0,EPalEnergyType::None,0,68098250
LuxuryMedicines,LuxuryMedicines,1,50000.0,1,None,CopperIngot,5,Horn,5,Bone,2,None,0,None,0,EPalEnergyType::None,0,771313037
MindControlDrug,MindControlDrug,1,1000000.0,1,None,IronIngot,10,Horn,10,Bone,5,PalFluid,3,None,0,EPalEnergyType::None,0,-805342986
Opium,Opium,1,30000.0,1,None,Poppy,3,Horn,3,Bone,1,PalFluid,1,None,0,EPalEnergyType::None,0,-230988913
Narcotic,Narcotic,1,300000.0,1,None,Poppy,5,Horn,5,Bone,2,PalFluid,2,None,0,EPalEnergyType::None,0,-1391444195
StatusPointResetSan,StatusPointResetSan,1,3000000.0,1,None,Poppy,99,Horn,50,Bone,50,PalFluid,50,None,0,EPalEnergyType::None,0,1924528994
Fiber,Fiber,2,500.0,1,None,Wood,1,None,0,None,0,None,0,None,0,EPalEnergyType::None,0,-71200686
Pal_crystal_S,Pal_crystal_S,1,1000.0,1,None,Stone,5,None,0,None,0,None,0,None,0,EPalEnergyType::None,0,597718757
BerrySeeds,BerrySeeds,1,500.0,1,None,Berries,2,None,0,None,0,None,0,None,0,EPalEnergyType::None,0,-1582009594
TomatoSeeds,TomatoSeeds,1,500.0,1,None,Tomato,2,None,0,None,0,None,0,None,0,EPalEnergyType::None,0,176266587
LettuceSeeds,LettuceSeeds,1,500.0,1,None,Lettuce,2,None,0,None,0,None,0,None,0,EPalEnergyType::None,0,-470612319
WheatSeeds,WheatSeeds,1,500.0,1,None,Wheat,2,None,0,None,0,None,0,None,0,EPalEnergyType::None,0,1123607639
Flour,Flour,1,1000.0,1,None,Wheat,3,None,0,None,0,None,0,None,0,EPalEnergyType::None,0,-103498677
Baked_Berries,Baked_Berries,1,500.0,1,None,Berries,1,None,0,None,0,None,0,None,0,EPalEnergyType::None,0,1292058687
BakedMushroom,BakedMushroom,1,500.0,1,None,Mushroom,1,None,0,None,0,None,0,None,0,EPalEnergyType::None,0,-1867910140
Pan,Pan,1,2000.0,1,None,Flour,1,None,0,None,0,None,0,None,0,EPalEnergyType::None,0,-664051010
FriedEggs,FriedEggs,1,500.0,1,None,Egg,1,None,0,None,0,None,0,None,0,EPalEnergyType::None,0,-1488210358
Hotmilk,Hotmilk,1,1000.0,1,None,Milk,1,None,0,None,0,None,0,None,0,EPalEnergyType::None,0,-333933125
JamBun,JamBun,1,5000.0,1,None,Flour,1,Berries,2,None,0,None,0,None,0,EPalEnergyType::None,0,-495098001
Pancake,Pancake,1,8000.0,1,None,Flour,1,Milk,1,None,0,None,0,None,0,EPalEnergyType::None,0,-977182624
Salad,Salad,1,4000.0,1,None,Lettuce,2,Tomato,2,None,0,None,0,None,0,EPalEnergyType::None,0,348746590
Omelet,Omelet,1,6000.0,1,None,Tomato,1,Egg,2,None,0,None,0,None,0,EPalEnergyType::None,0,-1896345009
MarinatedMushrooms,MarinatedMushrooms,1,5000.0,1,None,Mushroom,1,Berries,2,None,0,None,0,None,0,EPalEnergyType::None,0,-988827215
MushroomSoup,MushroomSoup,1,10000.0,1,None,Mushroom,1,Milk,2,None,0,None,0,None,0,EPalEnergyType::None,0,-2140044466
Pizza,Pizza,1,32000.0,1,None,Flour,1,Berries,2,Tomato,2,Milk,2,None,0,EPalEnergyType::None,0,-21707955
Carbonara,Carbonara,1,30000.0,1,None,Flour,1,Egg,2,Milk,2,None,0,None,0,EPalEnergyType::None,0,256816656
Cake,Cake,1,200000.0,1,None,Flour,5,Berries,8,Milk,7,Egg,8,Honey,2,EPalEnergyType::None,0,-1030671353
SkillUnlock_Hedgehog,SkillUnlock_Hedgehog,1,5000.0,1,None,Cloth,5,None,0,None,0,ElectricOrgan,5,Pal_crystal_S,5,EPalEnergyType::None,0,463065546
SkillUnlock_Hedgehog_Ice,SkillUnlock_Hedgehog_Ice,1,6000.0,1,None,Cloth,6,None,0,None,0,IceOrgan,6,Pal_crystal_S,6,EPalEnergyType::None,0,431337790
SkillUnlock_Kitsunebi,SkillUnlock_Kitsunebi,1,5000.0,1,None,Leather,3,None,0,None,0,FireOrgan,5,Pal_crystal_S,5,EPalEnergyType::None,0,2115463478
SkillUnlock_Alpaca,SkillUnlock_Alpaca,1,6000.0,1,None,Leather,3,None,0,Wool,5,None,0,Pal_crystal_S,5,EPalEnergyType::None,0,821395377
SkillUnlock_MopKing,SkillUnlock_MopKing,1,5000.0,1,None,Leather,3,None,0,Cloth,8,None,0,Pal_crystal_S,10,EPalEnergyType::None,0,-1724233181
SkillUnlock_Boar,SkillUnlock_Boar,1,8000.0,1,None,Leather,3,None,0,Stone,10,None,0,Pal_crystal_S,5,EPalEnergyType::None,0,-1806323045
SkillUnlock_FlyingManta,SkillUnlock_FlyingManta,1,10000.0,1,None,Cloth,5,None,0,None,0,PalFluid,3,Pal_crystal_S,5,EPalEnergyType::None,0,-1702392910
SkillUnlock_Carbunclo,SkillUnlock_Carbunclo,1,8000.0,1,None,CopperIngot,5,Stone,10,Wood,20,None,0,Pal_crystal_S,10,EPalEnergyType::None,0,312757000
SkillUnlock_Garm,SkillUnlock_Garm,1,10000.0,1,None,Leather,10,wood,20,Fiber,15,None,0,Pal_crystal_S,10,EPalEnergyType::None,0,146885087
SkillUnlock_Monkey,SkillUnlock_Monkey,1,10000.0,1,None,CopperIngot,5,Stone,15,Wood,15,None,0,Pal_crystal_S,10,EPalEnergyType::None,0,-1029510512
SkillUnlock_Serpent,SkillUnlock_Serpent,1,8000.0,1,None,Leather,5,None,0,None,0,PalFluid,5,Pal_crystal_S,10,EPalEnergyType::None,0,-1241313439
SkillUnlock_Serpent_Ground,SkillUnlock_Serpent_Ground,1,9600.0,1,None,Leather,6,None,0,None,0,CopperIngot,6,Pal_crystal_S,12,EPalEnergyType::None,0,582369550
SkillUnlock_Deer,SkillUnlock_Deer,1,20000.0,1,None,Leather,5,Fiber,20,CopperIngot,10,Horn,3,Pal_crystal_S,15,EPalEnergyType::None,0,155409175
SkillUnlock_Deer_Ground,SkillUnlock_Deer_Ground,1,24000.0,1,None,Leather,6,Fiber,24,CopperIngot,12,Horn,3,Pal_crystal_S,18,EPalEnergyType::None,0,470118194
SkillUnlock_NaughtyCat,SkillUnlock_NaughtyCat,1,8000.0,1,None,Leather,10,None,0,None,0,None,0,Pal_crystal_S,10,EPalEnergyType::None,0,-1749626430
SkillUnlock_Kirin,SkillUnlock_Kirin,1,10000.0,1,None,Leather,10,None,0,CopperIngot,5,ElectricOrgan,10,Pal_crystal_S,15,EPalEnergyType::None,0,377247411
SkillUnlock_NegativeOctopus,SkillUnlock_NegativeOctopus,1,10000.0,1,None,Cloth,5,None,0,None,0,Venom,5,Pal_crystal_S,10,EPalEnergyType::None,0,-314411260
SkillUnlock_ColorfulBird,SkillUnlock_ColorfulBird,1,10000.0,1,None,Cloth,10,Leather,10,Fiber,15,FireOrgan,10,Pal_crystal_S,15,EPalEnergyType::None,0,945050224
SkillUnlock_HawkBird,SkillUnlock_HawkBird,1,30000.0,1,None,Leather,20,Cloth,10,CopperIngot,15,Fiber,20,Pal_crystal_S,20,EPalEnergyType::None,0,-1452961943
SkillUnlock_FlameBuffalo,SkillUnlock_FlameBuffalo,1,10000.0,1,None,Leather,15,Fiber,25,FireOrgan,10,None,0,Pal_crystal_S,15,EPalEnergyType::None,0,1230638425
SkillUnlock_FlowerRabbit,SkillUnlock_FlowerRabbit,1,10000.0,1,None,Leather,10,Fiber,20,CopperIngot,5,None,0,Pal_crystal_S,15,EPalEnergyType::None,0,242218760
SkillUnlock_DrillGame,SkillUnlock_DrillGame,1,20000.0,1,None,Leather,20,Fiber,30,CopperIngot,10,Stone,50,Pal_crystal_S,20,EPalEnergyType::None,0,563779011
SkillUnlock_Penguin,SkillUnlock_Penguin,1,30000.0,1,None,CopperIngot,20,Stone,20,Wood,30,None,0,Pal_crystal_S,20,EPalEnergyType::None,0,-1929397142
SkillUnlock_FlowerDinosaur,SkillUnlock_FlowerDinosaur,1,20000.0,1,None,Leather,15,Fiber,30,CopperIngot,10,None,0,Pal_crystal_S,20,EPalEnergyType::None,0,1287115378
SkillUnlock_FlowerDinosaur_Electric,SkillUnlock_FlowerDinosaur_Electric,1,24000.0,1,None,Leather,18,Fiber,36,CopperIngot,12,None,0,Pal_crystal_S,24,EPalEnergyType::None,0,-913773779
SkillUnlock_DreamDemon,SkillUnlock_DreamDemon,1,10000.0,1,None,Leather,5,Fiber,10,None,0,None,0,Pal_crystal_S,10,EPalEnergyType::None,0,-664391416
SkillUnlock_SakuraSaurus,SkillUnlock_SakuraSaurus,1,20000.0,1,None,Leather,20,Fiber,30,CopperIngot,15,None,0,Pal_crystal_S,20,EPalEnergyType::None,0,-1325706171
SkillUnlock_SakuraSaurus_Water,SkillUnlock_SakuraSaurus_Water,1,24000.0,1,None,Leather,24,Fiber,36,CopperIngot,18,None,0,Pal_crystal_S,24,EPalEnergyType::None,0,156790526
SkillUnlock_BirdDragon,SkillUnlock_BirdDragon,1,20000.0,1,None,Leather,20,FireOrgan,10,CopperIngot,15,Fiber,30,Pal_crystal_S,20,EPalEnergyType::None,0,-809970296
SkillUnlock_BirdDragon_Ice,SkillUnlock_BirdDragon_Ice,1,24000.0,1,None,Leather,24,IceOrgan,12,CopperIngot,18,Fiber,36,Pal_crystal_S,24,EPalEnergyType::None,0,-1303077614
SkillUnlock_WeaselDragon,SkillUnlock_WeaselDragon,1,15000.0,1,None,Leather,10,Fiber,20,Cloth,5,None,0,Pal_crystal_S,20,EPalEnergyType::None,0,1133947896
SkillUnlock_WindChimes,SkillUnlock_WindChimes,1,10000.0,1,None,Cloth,5,Leather,3,Fiber,10,CopperIngot,3,Pal_crystal_S,10,EPalEnergyType::None,0,-196104281
SkillUnlock_WindChimes_Ice,SkillUnlock_WindChimes_Ice,1,12000.0,1,None,Cloth,6,Leather,3,Fiber,12,CopperIngot,3,Pal_crystal_S,12,EPalEnergyType::None,0,-1803671904
SkillUnlock_KingAlpaca,SkillUnlock_KingAlpaca,1,15000.0,1,None,Leather,20,Fiber,20,CopperIngot,15,Wool,30,Pal_crystal_S,20,EPalEnergyType::None,0,-767588214
SkillUnlock_KingAlpaca_Ice,SkillUnlock_KingAlpaca_Ice,1,18000.0,1,None,Leather,24,Fiber,24,CopperIngot,18,Wool,36,Pal_crystal_S,24,EPalEnergyType::None,0,539111680
SkillUnlock_FairyDragon,SkillUnlock_FairyDragon,1,15000.0,1,None,Leather,20,Fiber,20,CopperIngot,15,None,0,Pal_crystal_S,20,EPalEnergyType::None,0,585035119
SkillUnlock_FairyDragon_Water,SkillUnlock_FairyDragon_Water,1,18000.0,1,None,Leather,24,Fiber,24,CopperIngot,18,None,0,Pal_crystal_S,24,EPalEnergyType::None,0,-1201208007
SkillUnlock_RaijinDaughter,SkillUnlock_RaijinDaughter,1,20000.0,1,None,Leather,15,Fiber,15,CopperIngot,10,None,0,Pal_crystal_S,20,EPalEnergyType::None,0,-239701482
SkillUnlock_Eagle,SkillUnlock_Eagle,1,30000.0,1,None,Cloth,20,Leather,20,Fiber,30,None,0,Pal_crystal_S,30,EPalEnergyType::None,0,-544057399
SkillUnlock_GhostBeast,SkillUnlock_GhostBeast,1,10000.0,1,None,Leather,15,Fiber,25,CopperIngot,10,None,0,Pal_crystal_S,20,EPalEnergyType::None,0,1169905801
SkillUnlock_GrassPanda,SkillUnlock_GrassPanda,1,100000.0,1,None,CopperIngot,50,PalOil,20,None,0,None,0,Pal_crystal_S,40,EPalEnergyType::None,0,-325782217
SkillUnlock_GrassPanda_Electric,SkillUnlock_GrassPanda_Electric,1,120000.0,1,None,CopperIngot,60,PalOil,24,None,0,None,0,Pal_crystal_S,48,EPalEnergyType::None,0,1691681336
SkillUnlock_VolcanicMonster,SkillUnlock_VolcanicMonster,1,15000.0,1,None,Leather,20,CopperIngot,20,FireOrgan,20,None,0,Pal_crystal_S,20,EPalEnergyType::None,0,1505710915
SkillUnlock_VolcanicMonster_Ice,SkillUnlock_VolcanicMonster_Ice,1,18000.0,1,None,Leather,24,CopperIngot,24,IceOrgan,24,None,0,Pal_crystal_S,24,EPalEnergyType::None,0,-1860875036
SkillUnlock_FireKirin,SkillUnlock_FireKirin,1,20000.0,1,None,Leather,25,Fiber,30,FireOrgan,20,CopperIngot,15,Pal_crystal_S,25,EPalEnergyType::None,0,1787759818
SkillUnlock_FireKirin_Dark,SkillUnlock_FireKirin_Dark,1,24000.0,1,None,Leather,30,Fiber,36,FireOrgan,24,CopperIngot,18,Pal_crystal_S,30,EPalEnergyType::None,0,-514296430
SkillUnlock_GrassMammoth,SkillUnlock_GrassMammoth,1,100000.0,1,None,Leather,50,Fiber,70,PalOil,10,Wood,100,Pal_crystal_S,60,EPalEnergyType::None,0,-90952221
SkillUnlock_GrassMammoth_Ice,SkillUnlock_GrassMammoth_Ice,1,120000.0,1,None,Leather,60,Fiber,84,PalOil,12,Wood,120,Pal_crystal_S,72,EPalEnergyType::None,0,-1031561774
SkillUnlock_BlueDragon,SkillUnlock_BlueDragon,1,20000.0,1,None,Leather,25,Fiber,30,Cloth,10,PalFluid,10,Pal_crystal_S,25,EPalEnergyType::None,0,1137982867
SkillUnlock_Umihebi,SkillUnlock_Umihebi,1,40000.0,1,None,Leather,30,Fiber,50,CopperIngot,50,PalFluid,20,Pal_crystal_S,40,EPalEnergyType::None,0,1823277417
SkillUnlock_Umihebi_Fire,SkillUnlock_Umihebi_Fire,1,48000.0,1,None,Leather,36,Fiber,60,CopperIngot,60,FireOrgan,24,Pal_crystal_S,48,EPalEnergyType::None,0,75440050
SkillUnlock_AmaterasuWolf,SkillUnlock_AmaterasuWolf,1,10000.0,1,None,Leather,25,Cloth,10,FireOrgan,15,None,0,Pal_crystal_S,20,EPalEnergyType::None,0,-2100050119
SkillUnlock_ThunderDog,SkillUnlock_ThunderDog,1,20000.0,1,None,Leather,20,Fiber,40,CopperIngot,20,ElectricOrgan,15,Pal_crystal_S,25,EPalEnergyType::None,0,-1924642077
SkillUnlock_Manticore,SkillUnlock_Manticore,1,30000.0,1,None,Leather,30,CopperIngot,30,Fiber,50,FireOrgan,20,Pal_crystal_S,30,EPalEnergyType::None,0,-1170470242
SkillUnlock_Manticore_Dark,SkillUnlock_Manticore_Dark,1,36000.0,1,None,Leather,36,CopperIngot,36,Fiber,60,FireOrgan,24,Pal_crystal_S,36,EPalEnergyType::None,0,-1590692806
SkillUnlock_IceDeer,SkillUnlock_IceDeer,1,20000.0,1,None,Leather,25,IceOrgan,10,CopperIngot,20,Horn,20,Pal_crystal_S,25,EPalEnergyType::None,0,19252731
SkillUnlock_ThunderBird,SkillUnlock_ThunderBird,1,20000.0,1,None,Leather,20,Cloth,10,CopperIngot,20,ElectricOrgan,20,Pal_crystal_S,25,EPalEnergyType::None,0,-1685154075
SkillUnlock_RedArmorBird,SkillUnlock_RedArmorBird,1,20000.0,1,None,Leather,25,Cloth,15,CopperIngot,20,FireOrgan,20,Pal_crystal_S,25,EPalEnergyType::None,0,411429061
SkillUnlock_Horus,SkillUnlock_Horus,1,30000.0,1,None,Leather,30,Cloth,10,IronIngot,30,FireOrgan,25,Pal_crystal_S,30,EPalEnergyType::None,0,-1581451280
SkillUnlock_SkyDragon,SkillUnlock_SkyDragon,1,30000.0,1,None,Leather,30,CopperIngot,30,Cloth,10,None,0,Pal_crystal_S,30,EPalEnergyType::None,0,1376076667
SkillUnlock_HadesBird,SkillUnlock_HadesBird,1,30000.0,1,None,Leather,30,Cloth,10,IronIngot,30,ElectricOrgan,20,Pal_crystal_S,30,EPalEnergyType::None,0,1887467040
SkillUnlock_FengyunDeeper,SkillUnlock_FengyunDeeper,1,40000.0,1,None,Leather,30,Fiber,30,CopperIngot,20,Cloth,20,Pal_crystal_S,40,EPalEnergyType::None,0,-566786098
SkillUnlock_Suzaku,SkillUnlock_Suzaku,1,50000.0,1,None,Leather,20,IronIngot,25,FireOrgan,20,None,0,Pal_crystal_S,40,EPalEnergyType::None,0,337354599
SkillUnlock_Suzaku_Water,SkillUnlock_Suzaku_Water,1,60000.0,1,None,Leather,24,IronIngot,30,PalFluid,24,None,0,Pal_crystal_S,48,EPalEnergyType::None,0,2011253620
SkillUnlock_KingBahamut,SkillUnlock_KingBahamut,1,50000.0,1,None,Leather,30,IronIngot,30,CopperIngot,20,None,0,Pal_crystal_S,40,EPalEnergyType::None,0,1406958390
SkillUnlock_Yeti,SkillUnlock_Yeti,1,40000.0,1,None,Leather,30,IceOrgan,20,Fiber,50,IronIngot,10,Pal_crystal_S,40,EPalEnergyType::None,0,350506145
SkillUnlock_Yeti_Grass,SkillUnlock_Yeti_Grass,1,48000.0,1,None,Leather,36,Poppy,24,Fiber,60,IronIngot,12,Pal_crystal_S,48,EPalEnergyType::None,0,522232889
SkillUnlock_ElecPanda,SkillUnlock_ElecPanda,1,150000.0,1,None,IronIngot,50,Polymer,20,PalOil,10,None,0,Pal_crystal_S,75,EPalEnergyType::None,0,-1053571256
SkillUnlock_BlackGriffon,SkillUnlock_BlackGriffon,1,60000.0,1,None,Leather,50,IronIngot,40,Venom,25,None,0,Pal_crystal_S,45,EPalEnergyType::None,0,1691022840
SkillUnlock_BlackMetalDragon,SkillUnlock_BlackMetalDragon,1,80000.0,1,None,Leather,30,IronIngot,50,CopperIngot,50,None,0,Pal_crystal_S,55,EPalEnergyType::None,0,-1102207280
SkillUnlock_LazyDragon,SkillUnlock_LazyDragon,1,200000.0,1,None,IronIngot,100,Polymer,35,CopperIngot,100,None,0,Pal_crystal_S,85,EPalEnergyType::None,0,339137048
SkillUnlock_LazyDragon_Electric,SkillUnlock_LazyDragon_Electric,1,240000.0,1,None,IronIngot,120,Polymer,42,CopperIngot,120,None,0,Pal_crystal_S,102,EPalEnergyType::None,0,1413131633
SkillUnlock_IceHorse,SkillUnlock_IceHorse,1,150000.0,1,None,Leather,100,IronIngot,200,IceOrgan,50,None,0,Pal_crystal_S,75,EPalEnergyType::None,0,731871024
SkillUnlock_IceHorse_Dark,SkillUnlock_IceHorse_Dark,1,180000.0,1,None,Leather,120,IronIngot,240,Venom,60,None,0,Pal_crystal_S,90,EPalEnergyType::None,0,-361186768
SkillUnlock_SaintCentaur,SkillUnlock_SaintCentaur,1,200000.0,1,None,Leather,100,IronIngot,200,CopperIngot,300,None,0,Pal_crystal_S,85,EPalEnergyType::None,0,1557089829
SkillUnlock_BlackCentaur,SkillUnlock_BlackCentaur,1,200000.0,1,None,Leather,100,IronIngot,200,CopperIngot,300,None,0,Pal_crystal_S,85,EPalEnergyType::None,0,-1918194900
SkillUnlock_JetDragon,SkillUnlock_JetDragon,1,500000.0,1,None,Leather,100,IronIngot,200,MachineParts2,50,None,0,Pal_crystal_S,140,EPalEnergyType::None,0,-646338938
BakedMeat_ChickenPal,BakedMeat_ChickenPal,1,500.0,1,None,Meat_ChickenPal,1,None,0,None,0,None,0,None,0,EPalEnergyType::None,0,-1261221398
BakedMeat_SheepBall,BakedMeat_SheepBall,1,500.0,1,None,Meat_SheepBall,1,None,0,None,0,None,0,None,0,EPalEnergyType::None,0,-1386704615
BakedMeat_Kelpie,BakedMeat_Kelpie,1,1600.0,1,None,Meat_Kelpie,1,None,0,None,0,None,0,None,0,EPalEnergyType::None,0,-1946879352
BakedMeat_Eagle,BakedMeat_Eagle,1,3200.0,1,None,Meat_Eagle,1,None,0,None,0,None,0,None,0,EPalEnergyType::None,0,-519033227
BakedMeat_Boar,BakedMeat_Boar,1,3200.0,1,None,Meat_Boar,1,None,0,None,0,None,0,None,0,EPalEnergyType::None,0,672108363
BakedMeat_LazyCatfish,BakedMeat_LazyCatfish,1,1600.0,1,None,Meat_LazyCatfish,1,None,0,None,0,None,0,None,0,EPalEnergyType::None,0,1040237355
BakedMeat_Deer,BakedMeat_Deer,1,3200.0,1,None,Meat_Deer,1,None,0,None,0,None,0,None,0,EPalEnergyType::None,0,2048201272
BakedMeat_IceDeer,BakedMeat_IceDeer,1,10000.0,1,None,Meat_IceDeer,1,None,0,None,0,None,0,None,0,EPalEnergyType::None,0,1870351254
BakedMeat_BerryGoat,BakedMeat_BerryGoat,1,1600.0,1,None,Meat_BerryGoat,1,None,0,None,0,None,0,None,0,EPalEnergyType::None,0,285554729
BakedMeat_CowPal,BakedMeat_CowPal,1,3200.0,1,None,Meat_CowPal,1,None,0,None,0,None,0,None,0,EPalEnergyType::None,0,-1498253516
BakedMeat_SakuraSaurus,BakedMeat_SakuraSaurus,1,3200.0,1,None,Meat_SakuraSaurus,1,None,0,None,0,None,0,None,0,EPalEnergyType::None,0,-809333900
BakedMeat_GrassMammoth,BakedMeat_GrassMammoth,1,10000.0,1,None,Meat_GrassMammoth,1,None,0,None,0,None,0,None,0,EPalEnergyType::None,0,998264733
ChickenSaute,ChickenSaute,1,7000.0,1,None,Meat_ChickenPal,1,Berries,2,None,0,None,0,None,0,EPalEnergyType::None,0,313117237
GrilledSheepHerbs,GrilledSheepHerbs,1,7000.0,1,None,Meat_SheepBall,1,Berries,2,None,0,None,0,None,0,EPalEnergyType::None,0,1703372889
GenghisKhan,GenghisKhan,1,7000.0,1,None,Meat_SheepBall,1,Lettuce,2,None,0,None,0,None,0,EPalEnergyType::None,0,1320212278
Eaglestew,Eaglestew,1,7000.0,1,None,Meat_Eagle,1,Berries,2,None,0,None,0,None,0,EPalEnergyType::None,0,1065439044
BaconEggs,BaconEggs,1,7000.0,1,None,Meat_Boar,2,Egg,2,None,0,None,0,None,0,EPalEnergyType::None,0,1944190883
StewedIceDeer,StewedIceDeer,1,7000.0,1,None,Meat_IceDeer,1,Tomato,2,None,0,None,0,None,0,EPalEnergyType::None,0,2125915497
FriedChicken,FriedChicken,1,32000.0,1,None,Meat_ChickenPal,1,Flour,1,Egg,1,PalOil,1,None,0,EPalEnergyType::None,0,-1405101592
HotDog_2,HotDog_2,1,32000.0,1,None,Meat_Boar,1,Flour,1,Lettuce,2,None,0,None,0,EPalEnergyType::None,0,910490267
DeerLocoMoco,DeerLocoMoco,1,32000.0,1,None,Meat_Deer,1,Berries,2,Egg,2,None,0,None,0,EPalEnergyType::None,0,-1966845417
DeerStew,DeerStew,1,32000.0,1,None,Meat_Deer,2,Mushroom,1,Milk,2,None,0,None,0,EPalEnergyType::None,0,-317109226
Hamburger_2,Hamburger_2,1,32000.0,1,None,Meat_CowPal,1,Flour,1,Lettuce,2,None,0,None,0,EPalEnergyType::None,0,-62435343
Cheeseburger_2,Cheeseburger_2,1,32000.0,1,None,Meat_CowPal,2,Flour,1,Tomato,2,Milk,2,None,0,EPalEnergyType::None,0,2037589953
FriedKelpie,FriedKelpie,1,32000.0,1,None,Meat_Kelpie,1,Flour,1,Egg,1,PalOil,1,None,0,EPalEnergyType::None,0,-1389637838
Chowder,Chowder,1,32000.0,1,None,Meat_LazyCatfish,1,Lettuce,2,Tomato,2,None,0,None,0,EPalEnergyType::None,0,-658548715
